id,time,type,building,address,area,price,floor,county
0,2024/02/01,分租套房,無電梯公寓,新北市中和區景安路,10坪,8500,4 / 5,中和區
1,2024/02/01,分租套房,無電梯公寓,新北市中和區景新街,5坪,4500,5 / 5,中和區
2,2024/01/31,車位,,新北市土城區學府路一段,10坪,3900,,土城區
3,2024/01/31,車位,,新北市土城區學府路一段,10坪,3900,,土城區
4,2024/01/29,廠辦,,新北市樹林區三龍街,65坪,60000,1 / ,樹林區
5,2024/01/29,整層住家,電梯大樓,新北市新莊區新泰路,36.81坪,30000,4 / 14,新莊區
6,2024/01/29,店面,電梯大樓,新北市蘆洲區九芎街,101坪,110000,1 / 6,蘆洲區
7,2024/01/28,整層住家,電梯大樓,新北市三峽區大觀路,23.59坪,26000,6 / 10,三峽區
8,2024/01/28,整層住家,電梯大樓,新北市三峽區大觀路,23.59坪,26000,6 / 10,三峽區
9,2024/01/27,整層住家,無電梯公寓,新北市中和區忠孝街,24.5坪,23500,4 / 5,中和區
10,2024/01/27,整層住家,電梯大樓,新北市土城區學府路二段,32.02坪,32500,3 / 15,土城區
11,2024/01/27,整層住家,電梯大樓,新北市淡水區中正東路二段,14.7坪,17000,6 / 7,淡水區
12,2024/01/26,廠辦,,新北市新莊區化成路,50坪,56000,1 / ,新莊區
13,2024/01/25,廠辦,,新北市樹林區中正路,115坪,92000,1 / ,樹林區
14,2024/01/25,廠房,,新北市三重區中興北街,120坪,110000,1 / 1,三重區
15,2024/01/24,辦公,電梯大樓,新北市三重區大智街,43.25坪,25000,1 / 7,三重區
16,2024/01/24,廠辦,,新北市樹林區三德街,135坪,60000,1 / ,樹林區
17,2024/01/23,分租套房,無電梯公寓,新北市三重區光明路,7坪,7500,5 / 5,三重區
18,2024/01/23,廠辦,,新北市蘆洲區九芎街,101坪,110000,1 / ,蘆洲區
19,2024/01/22,整層住家,電梯大樓,新北市三峽區和平街,43.41坪,26000,4 / 7,三峽區
20,2024/01/22,整層住家,電梯大樓,新北市汐止區水源路二段,16.4坪,18000,13 / 16,汐止區
21,2024/01/21,分租套房,無電梯公寓,新北市中和區秀朗路三段,3.7坪,7300,1 / 4,中和區
22,2024/01/21,辦公,電梯大樓,新北市三重區重新路四段,33.92坪,28000,13 / 19,三重區
23,2024/01/21,住辦,電梯大樓,新北市三峽區大勇路,30坪,26000,1 / 7,三峽區
24,2024/01/21,廠辦,,新北市板橋區僑中一街,90坪,58000,1 / ,板橋區
25,2024/01/21,廠辦,,新北市樹林區田尾街,125坪,70000,1 / ,樹林區
26,2024/01/20,整層住家,無電梯公寓,新北市淡水區學府路,38.05坪,19000,-1 / 5,淡水區
27,2024/01/20,整層住家,電梯大樓,新北市淡水區濱海路三段,41.26坪,20500,5 / 10,淡水區
28,2024/01/20,獨立套房,無電梯公寓,新北市淡水區北新路,6.34坪,7000,3 / 3,淡水區
29,2024/01/20,整層住家,電梯大樓,新北市淡水區新市一路一段,40.27坪,24000,3 / 15,淡水區
30,2024/01/20,整層住家,電梯大樓,新北市淡水區新市三路一段,32.96坪,20000,8 / 20,淡水區
31,2024/01/19,獨立套房,無電梯公寓,新北市三重區仁華街,60坪,6200,6 / 6,三重區
32,2024/01/19,整層住家,電梯大樓,新北市蘆洲區三民路,27坪,23000,2 / 8,蘆洲區
33,2024/01/19,獨立套房,無電梯公寓,新北市中和區華新街,10坪,9500,1 / 5,中和區
34,2024/01/18,整層住家,電梯大樓,新北市新莊區福美街,55.66坪,50000,16 / 19,新莊區
35,2024/01/18,整層住家,電梯大樓,新北市淡水區濱海路三段,41.26坪,20500,5 / 10,淡水區
36,2024/01/18,店面,無電梯公寓,新北市新莊區中正路,30坪,20000,1 / 4,新莊區
37,2024/01/17,店面,透天厝,新北市新莊區中正路,40坪,40000,1 / 2,新莊區
38,2024/01/17,店面,透天厝,新北市新莊區中正路,100坪,60000,1 / 2,新莊區
39,2024/01/15,整層住家,電梯大樓,新北市鶯歌區文化路,30坪,15000,4 / 8,鶯歌區
40,2024/01/15,整層住家,無電梯公寓,新北市三重區頂崁街,34坪,18000,4 / 5,三重區
41,2024/01/15,整層住家,電梯大樓,新北市三峽區民生街,27.86坪,28000,9 / 15,三峽區
42,2024/01/15,廠辦,,新北市中和區中正路,121.48坪,120000,5 / ,中和區
43,2024/01/15,分租套房,無電梯公寓,新北市新店區復興路,12坪,10000,3 / 5,新店區
44,2024/01/15,整層住家,電梯大樓,新北市淡水區北新路,31.78坪,23000,11 / 18,淡水區
45,2024/01/15,整層住家,電梯大樓,新北市淡水區北新路,31.78坪,23000,11 / 18,淡水區
46,2024/01/14,整層住家,無電梯公寓,新北市中和區仁愛街,15坪,18000,1 / 5,中和區
47,2024/01/14,整層住家,無電梯公寓,新北市新莊區自立街,32坪,20000,5 / 5,新莊區
48,2024/01/14,整層住家,無電梯公寓,新北市中和區仁愛街,15坪,18000,1 / 5,中和區
49,2024/01/14,分租套房,無電梯公寓,新北市中和區大勇街,8坪,8500,1 / 5,中和區
50,2024/01/13,辦公,透天厝,新北市中和區中板路,42坪,35000,2 / 3,中和區
51,2024/01/13,整層住家,無電梯公寓,新北市新莊區中原路,25坪,21000,3 / 5,新莊區
52,2024/01/13,辦公,無電梯公寓,新北市新莊區新泰路,2坪,3500,3 / 3,新莊區
53,2024/01/11,整層住家,電梯大樓,新北市三重區文化南路,23.22坪,24999,12 / 14,三重區
54,2024/01/10,獨立套房,電梯大樓,新北市汐止區建成路,8坪,8500,6 / 14,汐止區
55,2024/01/10,獨立套房,電梯大樓,新北市汐止區建成路,8坪,8500,6 / 14,汐止區
56,2024/01/10,整層住家,電梯大樓,新北市汐止區樟樹二路,25.8坪,29800,4 / 28,汐止區
57,2024/01/10,獨立套房,無電梯公寓,新北市汐止區長興街二段,10坪,13800,1 / 3,汐止區
58,2024/01/10,廠辦,,新北市土城區中山路,69.26坪,87000,3 / ,土城區
59,2024/01/10,店面,無電梯公寓,新北市新莊區中正路,29.15坪,38000,1 / 4,新莊區
60,2024/01/09,雅房,電梯大樓,新北市林口區文化二路一段,6坪,5820,6 / 19,林口區
61,2024/01/08,整層住家,電梯大樓,新北市淡水區英專路,8.1坪,6800,-2 / 11,淡水區
62,2024/01/08,整層住家,電梯大樓,新北市八里區龍米路二段,39坪,23000,4 / 7,八里區
63,2024/01/08,分租套房,無電梯公寓,新北市淡水區水源街二段,6坪,4500,1 / 3,淡水區
64,2024/01/08,分租套房,透天厝,新北市淡水區水源街二段,7坪,4500,1 / 3,淡水區
65,2024/01/08,整層住家,電梯大樓,新北市八里區龍米路二段,39坪,23000,4 / 7,八里區
66,2024/01/08,整層住家,電梯大樓,新北市八里區龍米路二段,39坪,23000,4 / 7,八里區
67,2024/01/07,整層住家,無電梯公寓,新北市三重區中正北路,30坪,33000,2 / 5,三重區
68,2024/01/07,廠辦,,新北市樹林區保安街一段,180坪,65000,1 / ,樹林區
69,2024/01/06,獨立套房,電梯大樓,新北市深坑區北深路三段,11坪,14000,10 / 16,深坑區
70,2024/01/06,整層住家,無電梯公寓,新北市三重區六張街,25.41坪,23800,4 / 4,三重區
71,2024/01/06,整層住家,無電梯公寓,新北市板橋區中山路二段,35坪,20000,4 / 4,板橋區
72,2024/01/06,整層住家,無電梯公寓,新北市板橋區中山路二段,35坪,20000,4 / 4,板橋區
73,2024/01/05,廠辦,,新北市新莊區民安路,49.8坪,32000,2 / ,新莊區
74,2024/01/05,住辦,電梯大樓,新北市土城區中正路,51.63坪,36800,4 / 9,土城區
75,2024/01/05,店面,電梯大樓,新北市汐止區大同路一段,34坪,29900,3 / 12,汐止區
76,2024/01/04,辦公,透天厝,新北市中和區中板路,120坪,100000,2 / 2,中和區
77,2024/01/04,整層住家,電梯大樓,新北市鶯歌區尖山路,23.64坪,25000,2 / 15,鶯歌區
78,2024/01/04,整層住家,電梯大樓,新北市新莊區中正路,38.25坪,25000,9 / 10,新莊區
79,2024/01/03,整層住家,無電梯公寓,新北市板橋區忠孝路,20坪,13500,3 / 4,板橋區
80,2024/01/03,分租套房,電梯大樓,新北市新店區北新路三段,10坪,12000,3 / 7,新店區
81,2024/01/03,分租套房,無電梯公寓,新北市中和區華新街,7坪,6500,3 / 3,中和區
82,2024/01/03,分租套房,無電梯公寓,新北市新莊區民安西路,8坪,9000,5 / 4,新莊區
83,2024/01/03,整層住家,電梯大樓,新北市泰山區明志路三段,27.62坪,28000,1 / 4,泰山區
84,2024/01/02,整層住家,電梯大樓,新北市新莊區新泰路,36.81坪,30000,4 / 14,新莊區
85,2024/01/02,廠辦,,新北市樹林區俊興街,60坪,50000,1 / ,樹林區
86,2024/01/01,獨立套房,電梯大樓,新北市新莊區中港路,12.2坪,16800,6 / 7,新莊區
87,2023/12/30,整層住家,電梯大樓,新北市蘆洲區三民路,27坪,23000,2 / 8,蘆洲區
88,2023/12/30,獨立套房,電梯大樓,新北市淡水區新春街,12.58坪,12000,4 / 31,淡水區
89,2023/12/28,整層住家,電梯大樓,新北市蘆洲區中央路,29.6坪,39000,2 / 15,蘆洲區
90,2023/12/28,整層住家,電梯大樓,新北市三重區神農街,60坪,45000,33 / 35,三重區
91,2023/12/28,獨立套房,無電梯公寓,新北市三重區文化北路,4坪,5500,2 / 4,三重區
92,2023/12/28,整層住家,電梯大樓,新北市三峽區民生街,38坪,25000,13 / 13,三峽區
93,2023/12/27,辦公,電梯大樓,新北市泰山區貴鳳街,102.73坪,85000,4 / 10,泰山區
94,2023/12/27,廠辦,,新北市中和區中板路,42坪,52000,1 / ,中和區
95,2023/12/27,辦公,電梯大樓,新北市三重區興德路,199.71坪,200000,12 / 16,三重區
96,2023/12/27,廠辦,,新北市新莊區新莊區環漢路二段,110坪,80000,1 / ,新莊區
97,2023/12/27,廠辦,,新北市新莊區新莊區環漢路二段,110坪,80000,1 / ,新莊區
98,2023/12/26,整層住家,電梯大樓,新北市新店區達觀路,33坪,24350,15 / 17,新店區
99,2023/12/26,廠辦,,新北市新莊區新莊區環漢路三段,130坪,90000,1 / ,新莊區
100,2023/12/25,廠辦,,新北市三重區興德路,48.84坪,58000,12 / ,三重區
101,2023/12/25,整層住家,電梯大樓,新北市樹林區佳園路三段,18坪,21000,9 / 15,樹林區
102,2023/12/24,獨立套房,無電梯公寓,新北市汐止區和平街,8坪,9000,2 / 5,汐止區
103,2023/12/24,廠辦,,新北市新莊區中正路,55.3坪,69500,1 / ,新莊區
104,2023/12/23,整層住家,無電梯公寓,新北市新莊區中正路,28坪,18800,3 / 5,新莊區
105,2023/12/22,整層住家,電梯大樓,新北市板橋區公館街,30.36坪,55000,27 / 28,板橋區
106,2023/12/22,整層住家,電梯大樓,新北市汐止區東勢街,40.55坪,31999,3 / 18,汐止區
107,2023/12/21,分租套房,無電梯公寓,新北市永和區保平路,8坪,9000,2 / 5,永和區
108,2023/12/21,整層住家,電梯大樓,新北市八里區商港路,35坪,15000,8 / 13,八里區
109,2023/12/20,獨立套房,電梯大樓,新北市中和區中和路,7.41坪,13500,12 / 18,中和區
110,2023/12/19,整層住家,無電梯公寓,新北市新店區北新路一段,30坪,32500,3 / 4,新店區
111,2023/12/19,整層住家,電梯大樓,新北市汐止區中正路,43坪,23000,2 / 5,汐止區
112,2023/12/19,整層住家,無電梯公寓,新北市三重區五華街,21.78坪,23000,3 / 3,三重區
113,2023/12/18,分租套房,無電梯公寓,新北市三峽區大勇路,12坪,17000,5 / 5,三峽區
114,2023/12/18,分租套房,透天厝,新北市中和區南山路,7坪,12500,3 / 4,中和區
115,2023/12/18,分租套房,透天厝,新北市中和區南山路,7坪,12500,3 / 4,中和區
116,2023/12/18,廠辦,,新北市三重區光華路,76.97坪,80000,-1 / ,三重區
117,2023/12/17,整層住家,電梯大樓,新北市土城區清水路,40坪,22000,6 / 6,土城區
118,2023/12/16,分租套房,無電梯公寓,新北市中和區中和路,11坪,13000,2 / 5,中和區
119,2023/12/16,廠辦,,新北市五股區凌雲路二段,80坪,52000,1 / ,五股區
120,2023/12/16,整層住家,電梯大樓,新北市中和區忠孝街,33坪,26500,15 / 15,中和區
121,2023/12/16,整層住家,電梯大樓,新北市新店區安德街,31坪,26500,8 / 8,新店區
122,2023/12/16,整層住家,電梯大樓,新北市八里區中山路一段,8坪,11000,3 / 13,八里區
123,2023/12/16,分租套房,無電梯公寓,新北市中和區大勇街,7坪,8500,1 / 5,中和區
124,2023/12/16,辦公,無電梯公寓,新北市三重區三和路三段,30坪,30000,1 / 5,三重區
125,2023/12/16,整層住家,電梯大樓,新北市中和區忠孝街,20坪,22800,4 / 7,中和區
126,2023/12/15,整層住家,無電梯公寓,新北市中和區圓通路,35坪,17000,5 / 5,中和區
127,2023/12/15,整層住家,無電梯公寓,新北市中和區圓通路,31.62坪,17000,5 / 5,中和區
128,2023/12/15,整層住家,無電梯公寓,新北市中和區圓通路,31.62坪,17000,5 / 5,中和區
129,2023/12/15,廠辦,,新北市中和區連城路,75.27坪,65000,4 / ,中和區
130,2023/12/15,整層住家,無電梯公寓,新北市新店區中華路,32坪,32500,1 / 4,新店區
131,2023/12/13,整層住家,電梯大樓,新北市三重區正義南路,32.56坪,29500,12 / 14,三重區
132,2023/12/12,分租套房,無電梯公寓,新北市三重區集美街,6坪,6400,4 / 5,三重區
133,2023/12/12,分租套房,無電梯公寓,新北市三重區環河南路,7坪,7400,5 / 5,三重區
134,2023/12/12,分租套房,無電梯公寓,新北市三重區光明路,7坪,7500,4 / 5,三重區
135,2023/12/12,整層住家,電梯大樓,新北市中和區忠孝街,20坪,26000,10 / 11,中和區
136,2023/12/12,整層住家,無電梯公寓,新北市三重區光復路一段,14.08坪,18000,1 / 4,三重區
137,2023/12/12,整層住家,電梯大樓,新北市新莊區思源路,37.63坪,38000,14 / 19,新莊區
138,2023/12/12,廠辦,,新北市五股區更洲路,140坪,60000,1 / 1,五股區
139,2023/12/12,廠辦,,新北市中和區中山路二段,116坪,85000,1 / ,中和區
140,2023/12/11,整層住家,無電梯公寓,新北市泰山區民生路,25坪,25000,4 / 4,泰山區
141,2023/12/11,整層住家,電梯大樓,新北市淡水區新市二路四段,25.5坪,23000,5 / 12,淡水區
142,2023/12/09,整層住家,電梯大樓,新北市八里區中華路二段,26.55坪,18000,8 / 12,八里區
143,2023/12/07,獨立套房,無電梯公寓,新北市板橋區中山路二段,20坪,15000,6 / 6,板橋區
144,2023/12/07,廠房,,新北市中和區新民街,120坪,70000,1 / 3,中和區
145,2023/12/07,廠房,,新北市中和區新民街,120坪,70000,1 / 3,中和區
146,2023/12/06,車位,,新北市新莊區福營路,14.56坪,4000,,新莊區
147,2023/12/06,整層住家,電梯大樓,新北市新莊區中港路,19.68坪,22000,9 / 12,新莊區
148,2023/12/06,分租套房,無電梯公寓,新北市中和區南山路,7坪,7500,3 / 4,中和區
149,2023/12/05,車位,,新北市板橋區三民路二段,7坪,2800,,板橋區
150,2023/12/04,獨立套房,無電梯公寓,新北市板橋區雙十路二段,17坪,14000,5 / 5,板橋區
151,2023/12/02,廠房,,新北市泰山區楓江路,120坪,75000,1 / 1,泰山區
152,2023/12/01,整層住家,電梯大樓,新北市三峽區大德路,50坪,36800,12 / 14,三峽區
153,2023/11/30,整層住家,無電梯公寓,新北市板橋區長安街,3坪,6000,3 / 4,板橋區
154,2023/11/30,整層住家,無電梯公寓,新北市板橋區長安街,4坪,6000,3 / 4,板橋區
155,2023/11/30,倉庫,無電梯公寓,新北市板橋區長安街,3坪,6000,3 / 4,板橋區
156,2023/11/30,雅房,無電梯公寓,新北市板橋區長安街,30坪,6000,3 / 4,板橋區
157,2023/11/30,廠辦,,新北市新莊區大安路,155坪,90000,1 / ,新莊區
158,2023/11/29,整層住家,電梯大樓,新北市中和區南華路,27坪,35000,2 / 7,中和區
159,2023/11/29,整層住家,電梯大樓,新北市中和區南華路,27坪,35000,2 / 7,中和區
160,2023/11/29,廠辦,,新北市三重區光復路二段,220坪,160000,1 / ,三重區
161,2023/11/27,車位,,新北市板橋區金門街,2坪,2000,,板橋區
162,2023/11/26,獨立套房,無電梯公寓,新北市板橋區溪崑二街,10坪,8500,4 / 5,板橋區
163,2023/11/26,分租套房,電梯大樓,新北市淡水區學府路,5坪,5000,10 / 14,淡水區
164,2023/11/26,獨立套房,電梯大樓,新北市淡水區學府路,8坪,12000,3 / 14,淡水區
165,2023/11/26,獨立套房,電梯大樓,新北市淡水區學府路,8坪,12000,3 / 14,淡水區
166,2023/11/25,廠辦,,新北市三重區重新路五段,98.73坪,90000,5 / ,三重區
167,2023/11/25,整層住家,電梯大樓,新北市淡水區新市一路一段,52.69坪,29000,9 / 15,淡水區
168,2023/11/25,整層住家,電梯大樓,新北市三峽區三樹路,24.23坪,28000,15 / 15,三峽區
169,2023/11/24,整層住家,無電梯公寓,新北市板橋區四維路,23.05坪,20000,3 / 5,板橋區
170,2023/11/24,廠辦,,新北市中和區中板路,210坪,120000,-1 / ,中和區
171,2023/11/24,整層住家,電梯大樓,新北市板橋區合安一路,23.85坪,25000,17 / 24,板橋區
172,2023/11/23,分租套房,電梯大樓,新北市汐止區復興路,7.5坪,7500,12 / 12,汐止區
173,2023/11/23,獨立套房,無電梯公寓,新北市三重區大仁街,6坪,6500,5 / 5,三重區
174,2023/11/22,獨立套房,無電梯公寓,新北市中和區景新街,10坪,11800,4 / 5,中和區
175,2023/11/22,整層住家,無電梯公寓,新北市中和區景新街,10坪,11800,4 / 5,中和區
176,2023/11/22,獨立套房,無電梯公寓,新北市中和區景新街,10坪,11800,4 / 5,中和區
177,2023/11/22,整層住家,無電梯公寓,新北市板橋區中山路二段,31坪,20000,5 / 5,板橋區
178,2023/11/22,分租套房,無電梯公寓,新北市中和區和平街,12坪,12000,1 / 5,中和區
179,2023/11/21,整層住家,無電梯公寓,新北市三重區力行路二段,27坪,20000,4 / 5,三重區
180,2023/11/21,整層住家,無電梯公寓,新北市中和區景平路,19坪,18500,4 / 5,中和區
181,2023/11/20,整層住家,電梯大樓,新北市三重區環河南路,50坪,50000,13 / 14,三重區
182,2023/11/20,整層住家,電梯大樓,新北市深坑區阿柔洋,29.87坪,18000,2 / 4,深坑區
183,2023/11/20,獨立套房,無電梯公寓,新北市中和區南華路,5坪,6000,3 / 5,中和區
184,2023/11/20,整層住家,無電梯公寓,新北市中和區景平路,19坪,18500,4 / 5,中和區
185,2023/11/18,整層住家,電梯大樓,新北市淡水區學府路,15坪,16500,3 / 17,淡水區
186,2023/11/18,整層住家,電梯大樓,新北市新店區安祥路,47.78坪,33500,3 / 7,新店區
187,2023/11/17,廠辦,,新北市板橋區和平路,108坪,90000,2 / ,板橋區
188,2023/11/16,整層住家,電梯大樓,新北市中和區中正路,39.55坪,26000,10 / 21,中和區
189,2023/11/15,辦公,電梯大樓,新北市三重區新北大道二段,103坪,105000,7 / 10,三重區
190,2023/11/15,廠辦,,新北市三重區新北大道二段,103坪,105000,7 / ,三重區
191,2023/11/15,辦公,無電梯公寓,新北市新莊區中正路,24坪,17000,1 / 5,新莊區
192,2023/11/15,雅房,電梯大樓,新北市林口區文化二路一段,6坪,5820,6 / 19,林口區
193,2023/11/15,倉庫,電梯大樓,新北市三重區仁美街,31.13坪,13000,-1 / 7,三重區
194,2023/11/14,獨立套房,無電梯公寓,新北市中和區中和路,7坪,13000,4 / 4,中和區
195,2023/11/13,分租套房,無電梯公寓,新北市三重區仁華街,10坪,6200,6 / 6,三重區
196,2023/11/13,辦公,電梯大樓,新北市三峽區學成路,44.47坪,32500,3 / 3,三峽區
197,2023/11/12,獨立套房,電梯大樓,新北市淡水區學府路,8坪,8000,3 / 14,淡水區
198,2023/11/12,獨立套房,電梯大樓,新北市淡水區學府路,8坪,8000,3 / 14,淡水區
199,2023/11/12,整層住家,電梯大樓,新北市樹林區佳園路三段,17.81坪,24000,12 / 15,樹林區
200,2023/11/12,整層住家,電梯大樓,新北市三峽區民生街,7.8坪,11000,9 / 16,三峽區
201,2023/11/12,分租套房,無電梯公寓,新北市三峽區復興路,6坪,8000,3 / 5,三峽區
202,2023/11/11,整層住家,電梯大樓,新北市新莊區昌隆街,26坪,26000,2 / 7,新莊區
203,2023/11/10,分租套房,無電梯公寓,新北市樹林區龍興街,7坪,5500,3 / 4,樹林區
204,2023/11/10,整層住家,電梯大樓,新北市三重區五華街,45坪,37000,6 / 7,三重區
205,2023/11/10,辦公,電梯大樓,新北市三重區光復路一段,511坪,459900,5 / 15,三重區
206,2023/11/10,廠辦,,新北市三重區光復路一段,511坪,459900,5 / ,三重區
207,2023/11/10,辦公,電梯大樓,新北市淡水區民權路,47坪,28000,5 / 5,淡水區
208,2023/11/10,辦公,電梯大樓,新北市淡水區民權路,47坪,28000,5 / 5,淡水區
209,2023/11/10,廠辦,,新北市淡水區民權路,47坪,29500,5 / ,淡水區
210,2023/11/09,廠辦,,新北市中和區立德街,55坪,45000,1 / ,中和區
211,2023/11/09,整層住家,電梯大樓,新北市板橋區文化路二段,49.35坪,53000,8 / 13,板橋區
212,2023/11/08,整層住家,無電梯公寓,新北市新店區永華街,35坪,18000,2 / 4,新店區
213,2023/11/07,整層住家,電梯大樓,新北市淡水區新市五路三段,22坪,23500,6 / 26,淡水區
214,2023/11/07,整層住家,電梯大樓,新北市樹林區大義路,17.92坪,24000,13 / 19,樹林區
215,2023/11/07,整層住家,電梯大樓,新北市樹林區大義路,17.92坪,24000,13 / 19,樹林區
216,2023/11/07,整層住家,電梯大樓,新北市三峽區大學路,27.84坪,28800,7 / 12,三峽區
217,2023/11/07,辦公,電梯大樓,新北市永和區永和路二段,15坪,20000,9 / 14,永和區
218,2023/11/07,辦公,電梯大樓,新北市永和區永和路二段,15.5坪,19500,9 / 14,永和區
219,2023/11/07,分租套房,無電梯公寓,新北市中和區景新街,10坪,9500,4 / 5,中和區
220,2023/11/07,廠房,,新北市三重區光復路一段,110坪,130000,1 / 4,三重區
221,2023/11/07,辦公,電梯大樓,新北市永和區永和路二段,15.5坪,19500,9 / 14,永和區
222,2023/11/07,廠辦,,新北市三重區中正北路,45坪,42000,1 / ,三重區
223,2023/11/07,廠房,,新北市三重區中正北路,45坪,42000,1 / 4,三重區
224,2023/11/07,整層住家,電梯大樓,新北市深坑區阿柔洋,29.87坪,18000,2 / 4,深坑區
225,2023/11/06,整層住家,無電梯公寓,新北市板橋區忠孝路,18坪,16000,4 / 4,板橋區
226,2023/11/05,分租套房,電梯大樓,新北市淡水區學府路,5坪,5500,13 / 14,淡水區
227,2023/11/05,整層住家,電梯大樓,新北市三峽區愛國路,17.72坪,23000,13 / 14,三峽區
228,2023/11/05,廠辦,,新北市五股區御史路,100坪,70000,1 / ,五股區
229,2023/11/05,廠辦,,新北市樹林區東順街,180坪,86000,1 / ,樹林區
230,2023/11/04,整層住家,無電梯公寓,新北市土城區青雲路,25.6坪,14000,5 / 5,土城區
231,2023/11/03,整層住家,無電梯公寓,新北市板橋區中正路,30坪,24500,5 / 5,板橋區
232,2023/11/03,整層住家,無電梯公寓,新北市三重區車路,18坪,15000,5 / 5,三重區
233,2023/11/02,整層住家,電梯大樓,新北市五股區成泰路一段,24坪,20000,4 / 11,五股區
234,2023/11/02,整層住家,電梯大樓,新北市板橋區重慶路,33坪,27000,7 / 13,板橋區
235,2023/11/01,獨立套房,無電梯公寓,新北市中和區景新街,32.34坪,11800,4 / 5,中和區
236,2023/11/01,獨立套房,無電梯公寓,新北市中和區景新街,10坪,11800,4 / 5,中和區
237,2023/11/01,獨立套房,無電梯公寓,新北市中和區景新街,10坪,11800,4 / 5,中和區
238,2023/11/01,辦公,電梯大樓,新北市蘆洲區中山二路,74.6坪,59000,4 / 7,蘆洲區
239,2023/10/31,獨立套房,無電梯公寓,新北市新店區安康路一段,10坪,9000,4 / 4,新店區
240,2023/10/31,整層住家,無電梯公寓,新北市板橋區長安街,28坪,17000,4 / 5,板橋區
241,2023/10/31,店面,透天厝,新北市三重區中正北路,45坪,50000,1 / 4,三重區
242,2023/10/30,分租套房,無電梯公寓,新北市樹林區柑園街二段,6坪,8500,4 / 5,樹林區
243,2023/10/30,整層住家,電梯大樓,新北市新店區寶橋路,16.1坪,38000,5 / 27,新店區
244,2023/10/28,住辦,電梯大樓,新北市中和區景新街,28.59坪,36000,1 / 7,中和區
245,2023/10/28,住辦,電梯大樓,新北市中和區景新街,28.59坪,36000,1 / 7,中和區
246,2023/10/28,整層住家,電梯大樓,新北市八里區商港路,34坪,18500,9 / 13,八里區
247,2023/10/27,辦公,透天厝,新北市三重區中正北路,50坪,50000,1 / 4,三重區
248,2023/10/27,店面,透天厝,新北市三重區中正北路,50坪,50000,1 / 4,三重區
249,2023/10/27,辦公,無電梯公寓,新北市三重區永福街,100坪,60000,1 / 4,三重區
250,2023/10/27,分租套房,無電梯公寓,新北市三重區六張街,8坪,10000,5 / 5,三重區
251,2023/10/26,獨立套房,電梯大樓,新北市中和區中山路二段,20坪,27000,4 / 10,中和區
252,2023/10/26,分租套房,無電梯公寓,新北市貢寮區仁和路,6坪,3900,3 / 5,貢寮區
253,2023/10/26,獨立套房,電梯大樓,新北市汐止區大同路二段,8坪,15000,22 / 24,汐止區
254,2023/10/25,整層住家,無電梯公寓,新北市汐止區和平街,9坪,15000,3 / 5,汐止區
255,2023/10/24,廠辦,,新北市土城區中山路,200坪,92000,4 / ,土城區
256,2023/10/24,分租套房,無電梯公寓,新北市板橋區民生路一段,6坪,8500,4 / 4,板橋區
257,2023/10/24,獨立套房,電梯大樓,新北市新店區安德街,14坪,16000,2 / 11,新店區
258,2023/10/23,廠辦,,新北市蘆洲區中山二路,74坪,59000,4 / ,蘆洲區
259,2023/10/23,整層住家,電梯大樓,新北市中和區安平路,24.58坪,22000,8 / 13,中和區
260,2023/10/23,整層住家,電梯大樓,新北市中和區安平路,24.58坪,22000,8 / 13,中和區
261,2023/10/22,整層住家,電梯大樓,新北市中和區中正路,36坪,35000,11 / 12,中和區
262,2023/10/22,整層住家,電梯大樓,新北市樹林區佳園路一段,27坪,20000,4 / 10,樹林區
263,2023/10/22,整層住家,電梯大樓,新北市淡水區淡金路,15.64坪,14000,6 / 8,淡水區
264,2023/10/21,整層住家,透天厝,新北市新莊區新興街,42坪,28200,2 / 5,新莊區
265,2023/10/21,整層住家,電梯大樓,新北市八里區中山路一段,32坪,18500,11 / 13,八里區
266,2023/10/20,整層住家,電梯大樓,新北市三峽區復興路,24坪,18000,9 / 18,三峽區
267,2023/10/20,廠辦,,新北市三重區中正北路,42.25坪,45000,1 / ,三重區
268,2023/10/20,整層住家,電梯大樓,新北市蘆洲區復興路,27坪,35000,2 / 12,蘆洲區
269,2023/10/20,廠房,,新北市三重區光復路一段,150坪,110000,1 / 2,三重區
270,2023/10/19,獨立套房,無電梯公寓,新北市淡水區水源街二段,6坪,5000,1 / 3,淡水區
271,2023/10/19,獨立套房,無電梯公寓,新北市淡水區水源街二段,6坪,5000,1 / 3,淡水區
272,2023/10/18,分租套房,無電梯公寓,新北市八里區中山路二段,14坪,13000,4 / 4,八里區
273,2023/10/17,廠辦,,新北市蘆洲區中山二路,82.71坪,69000,4 / ,蘆洲區
274,2023/10/17,廠辦,,新北市蘆洲區中山二路,82.71坪,69000,4 / ,蘆洲區
275,2023/10/17,廠辦,,新北市蘆洲區中山二路,82.71坪,69000,4 / ,蘆洲區
276,2023/10/17,廠辦,,新北市蘆洲區中山二路,74.62坪,59000,4 / ,蘆洲區
277,2023/10/17,廠辦,,新北市五股區凌雲路三段,100坪,50000,1 / ,五股區
278,2023/10/16,整層住家,電梯大樓,新北市土城區裕民路,20坪,21000,12 / 1,土城區
279,2023/10/16,獨立套房,無電梯公寓,新北市中和區連城路,7坪,12000,4 / 4,中和區
280,2023/10/16,獨立套房,無電梯公寓,新北市中和區連城路,7坪,12000,4 / 4,中和區
281,2023/10/16,獨立套房,無電梯公寓,新北市中和區連城路,7坪,12000,4 / 4,中和區
282,2023/10/16,獨立套房,無電梯公寓,新北市中和區連城路,7坪,12000,4 / 4,中和區
283,2023/10/16,獨立套房,無電梯公寓,新北市中和區連城路,7坪,12000,4 / 4,中和區
284,2023/10/16,獨立套房,無電梯公寓,新北市中和區連城路,7坪,12000,4 / 4,中和區
285,2023/10/16,獨立套房,無電梯公寓,新北市中和區連城路,7坪,12000,4 / 4,中和區
286,2023/10/16,整層住家,電梯大樓,新北市永和區安樂路,18.9坪,17000,8 / 12,永和區
287,2023/10/16,獨立套房,透天厝,新北市鶯歌區中正一路,12坪,15000,2 / 2,鶯歌區
288,2023/10/16,獨立套房,透天厝,新北市鶯歌區中正一路,12坪,15000,2 / 2,鶯歌區
289,2023/10/16,店面,電梯大樓,新北市新店區北新路二段,889.32坪,694791,4 / 18,新店區
290,2023/10/16,整層住家,無電梯公寓,新北市中和區景安路,11坪,12000,4 / 5,中和區
291,2023/10/16,整層住家,電梯大樓,新北市新莊區思源路,33.15坪,37000,6 / 13,新莊區
292,2023/10/15,分租套房,無電梯公寓,新北市三重區集成路,6坪,7300,2 / 4,三重區
293,2023/10/15,分租套房,無電梯公寓,新北市三重區集成路,6坪,7300,2 / 4,三重區
294,2023/10/15,獨立套房,無電梯公寓,新北市三重區五華街,5坪,6000,4 / 5,三重區
295,2023/10/15,獨立套房,無電梯公寓,新北市三重區民生東街,10坪,12000,4 / 5,三重區
296,2023/10/15,整層住家,電梯大樓,新北市新店區永安街,22坪,20000,12 / 14,新店區
297,2023/10/15,廠辦,,新北市新莊區中正路,53.36坪,56288,5 / ,新莊區
298,2023/10/15,整層住家,電梯大樓,新北市樹林區大義路,18.15坪,20000,14 / 19,樹林區
299,2023/10/15,整層住家,電梯大樓,新北市樹林區大義路,18.15坪,20000,14 / 19,樹林區
300,2023/10/15,整層住家,電梯大樓,新北市樹林區大義路,18.15坪,20000,14 / 19,樹林區
301,2023/10/15,辦公,透天厝,新北市三重區三和路四段,16坪,19000,1 / 3,三重區
302,2023/10/14,整層住家,無電梯公寓,新北市泰山區民生路,24坪,25000,3 / 4,泰山區
303,2023/10/13,廠辦,,新北市樹林區八德街,420.87坪,400000,1 / ,樹林區
304,2023/10/13,廠辦,,新北市板橋區板林路,50坪,25000,2 / ,板橋區
305,2023/10/12,整層住家,電梯大樓,新北市蘆洲區集賢路,79.46坪,68999,11 / 14,蘆洲區
306,2023/10/11,辦公,無電梯公寓,新北市三重區仁愛街,23.35坪,25000,1 / 4,三重區
307,2023/10/10,整層住家,無電梯公寓,新北市土城區中央路二段,21坪,19000,2 / 4,土城區
308,2023/10/10,廠辦,,新北市新莊區中正路,160坪,148000,1 / ,新莊區
309,2023/10/09,分租套房,無電梯公寓,新北市中和區保健路,7坪,8800,3 / 4,中和區
310,2023/10/09,廠房,,新北市五股區中興路一段,160坪,125000,1 / 1,五股區
311,2023/10/09,廠房,,新北市樹林區味王街,300坪,270000,1 / 1,樹林區
312,2023/10/09,廠房,,新北市土城區永豐路,130坪,104000,1 / 1,土城區
313,2023/10/09,分租套房,無電梯公寓,新北市中和區景新街,7坪,7500,5 / 5,中和區
314,2023/10/08,整層住家,電梯大樓,新北市板橋區中山路二段,27坪,25500,2 / 6,板橋區
315,2023/10/08,整層住家,無電梯公寓,新北市板橋區漢生東路,50坪,28800,3 / 6,板橋區
316,2023/10/07,整層住家,電梯大樓,新北市三重區新北大道一段,22坪,25000,2 / 12,三重區
317,2023/10/07,店面,無電梯公寓,新北市板橋區翠華街,55坪,40000,1 / 4,板橋區
318,2023/10/07,店面,無電梯公寓,新北市板橋區翠華街,55坪,40000,1 / 4,板橋區
319,2023/10/06,住店,無電梯公寓,新北市樹林區中山路二段,26坪,1200,3 / 4,樹林區
320,2023/10/06,整層住家,電梯大樓,新北市新莊區思源路,77.54坪,55000,3 / 25,新莊區
321,2023/10/06,廠辦,,新北市土城區亞洲路,120坪,58000,1 / ,土城區
322,2023/10/06,分租套房,無電梯公寓,新北市樹林區龍興街,10坪,9500,5 / 4,樹林區
323,2023/10/06,店面,電梯大樓,新北市新莊區福德一街,44.11坪,60000,1 / 19,新莊區
324,2023/10/06,獨立套房,無電梯公寓,新北市中和區景平路,6坪,8500,1 / 4,中和區
325,2023/10/06,獨立套房,無電梯公寓,新北市中和區景平路,6坪,8500,1 / 4,中和區
326,2023/10/05,整層住家,電梯大樓,新北市蘆洲區光明路,27坪,30000,3 / 9,蘆洲區
327,2023/10/04,整層住家,電梯大樓,新北市新莊區中港路,31.58坪,29000,13 / 14,新莊區
328,2023/10/04,獨立套房,無電梯公寓,新北市三重區電信街,6坪,12500,2 / 4,三重區
329,2023/10/04,整層住家,電梯大樓,新北市三重區貴陽街,27坪,20000,3 / 3,三重區
330,2023/10/04,整層住家,電梯大樓,新北市三重區貴陽街,27坪,20000,3 / 3,三重區
331,2023/10/04,整層住家,電梯大樓,新北市三重區貴陽街,27坪,20000,3 / 3,三重區
332,2023/10/04,廠辦,,新北市五股區五權路,164坪,120000,2 / ,五股區
333,2023/10/04,獨立套房,電梯大樓,新北市新莊區中信街,16.98坪,23000,16 / 24,新莊區
334,2023/10/03,整層住家,電梯大樓,新北市板橋區大漢街,28.02坪,27000,14 / 15,板橋區
335,2023/10/03,整層住家,電梯大樓,新北市板橋區大漢街,28.02坪,27000,14 / 15,板橋區
336,2023/10/01,整層住家,無電梯公寓,新北市永和區得和路,22坪,19500,1 / 4,永和區
337,2023/09/30,獨立套房,無電梯公寓,新北市三重區五華街,5坪,6000,4 / 5,三重區
338,2023/09/30,獨立套房,無電梯公寓,新北市三重區五華街,5坪,6000,4 / 5,三重區
339,2023/09/29,獨立套房,透天厝,新北市鶯歌區中正二路,10坪,9200,-1 / 3,鶯歌區
340,2023/09/29,店面,透天厝,新北市三峽區和平街,50.08坪,156000,1 / 3,三峽區
341,2023/09/29,整層住家,電梯大樓,新北市新莊區思源路,77.54坪,55000,3 / 25,新莊區
342,2023/09/28,廠辦,,新北市土城區中山路,73.59坪,63000,2 / ,土城區
343,2023/09/28,店面,電梯大樓,新北市蘆洲區三民路,32.07坪,50962,1 / 24,蘆洲區
344,2023/09/27,獨立套房,無電梯公寓,新北市新店區寶橋路,7坪,9000,4 / 4,新店區
345,2023/09/27,獨立套房,無電梯公寓,新北市新店區寶橋路,7坪,9000,4 / 4,新店區
346,2023/09/27,獨立套房,無電梯公寓,新北市新店區寶橋路,7坪,9000,4 / 4,新店區
347,2023/09/27,整層住家,無電梯公寓,新北市三峽區中山路,32坪,18000,2 / 5,三峽區
348,2023/09/27,獨立套房,電梯大樓,新北市新店區屈尺路,17.6坪,16000,2 / 4,新店區
349,2023/09/27,廠房,,新北市新莊區新樹路,50坪,45000,1 / 2,新莊區
350,2023/09/26,店面,電梯大樓,新北市三峽區忠孝街,15坪,16000,1 / 7,三峽區
351,2023/09/26,整層住家,電梯大樓,新北市三峽區忠孝街,39.29坪,27000,5 / 7,三峽區
352,2023/09/26,車位,,新北市中和區成功路,10.25坪,3500,,中和區
353,2023/09/26,車位,,新北市中和區成功路,8.06坪,4500,,中和區
354,2023/09/26,整層住家,電梯大樓,新北市三峽區弘園街,5.9坪,11000,2 / 7,三峽區
355,2023/09/25,整層住家,電梯大樓,新北市蘆洲區三民路,61.57坪,46416,12 / 24,蘆洲區
356,2023/09/25,獨立套房,無電梯公寓,新北市汐止區新興路,7坪,8500,3 / 4,汐止區
357,2023/09/25,整層住家,電梯大樓,新北市中和區中原三街,36.63坪,37000,10 / 23,中和區
358,2023/09/24,整層住家,無電梯公寓,新北市三峽區復興路,27.24坪,21000,2 / 5,三峽區
359,2023/09/24,獨立套房,電梯大樓,新北市三峽區民生街,4.71坪,8500,6 / 16,三峽區
360,2023/09/24,分租套房,無電梯公寓,新北市樹林區柑園街二段,7坪,5800,4 / 5,樹林區
361,2023/09/24,整層住家,電梯大樓,新北市樹林區學勤路,37.18坪,35000,11 / 15,樹林區
362,2023/09/23,整層住家,無電梯公寓,新北市板橋區成都街,25坪,23000,4 / 5,板橋區
363,2023/09/23,店面,無電梯公寓,新北市三重區仁政街,26坪,32000,1 / 4,三重區
364,2023/09/23,店面,無電梯公寓,新北市三重區仁政街,26坪,32000,1 / 4,三重區
365,2023/09/23,店面,無電梯公寓,新北市三重區仁政街,26坪,32000,1 / 4,三重區
366,2023/09/23,店面,無電梯公寓,新北市三重區仁政街,26坪,32000,1 / 4,三重區
367,2023/09/23,店面,無電梯公寓,新北市三重區仁政街,26坪,32000,1 / 4,三重區
368,2023/09/23,整層住家,電梯大樓,新北市三重區成功路,45.11坪,30000,8 / 25,三重區
369,2023/09/23,獨立套房,電梯大樓,新北市三峽區愛國路,11.7坪,15000,10 / 13,三峽區
370,2023/09/22,整層住家,無電梯公寓,新北市板橋區文聖街,28坪,15000,3 / 4,板橋區
371,2023/09/22,整層住家,無電梯公寓,新北市中和區興南路二段,20坪,11000,5 / 5,中和區
372,2023/09/21,廠房,,新北市新莊區民安西路,60坪,62000,1 / 4,新莊區
373,2023/09/21,店面,電梯大樓,新北市板橋區莊敬路,35坪,38000,1 / 14,板橋區
374,2023/09/20,廠辦,,新北市中和區中正路,79.92坪,71928,3 / ,中和區
375,2023/09/20,廠辦,,新北市樹林區俊英街,75坪,45000,1 / ,樹林區
376,2023/09/20,廠辦,,新北市新莊區中正路,55.3坪,69500,1 / ,新莊區
377,2023/09/20,整層住家,電梯大樓,新北市淡水區淡金路,66坪,45000,5 / 19,淡水區
378,2023/09/20,整層住家,電梯大樓,新北市三重區環河北路二段,30坪,36000,12 / 13,三重區
379,2023/09/20,分租套房,無電梯公寓,新北市三重區仁愛街,8坪,12000,2 / 2,三重區
380,2023/09/20,住店,無電梯公寓,新北市新店區寶元路一段,14坪,20000,1 / 5,新店區
381,2023/09/19,整層住家,電梯大樓,新北市林口區麗園一街,54坪,22000,12 / 16,林口區
382,2023/09/19,整層住家,電梯大樓,新北市土城區明德路一段,19坪,25000,6 / 7,土城區
383,2023/09/19,整層住家,無電梯公寓,新北市板橋區中山路二段,25坪,22000,2 / 5,板橋區
384,2023/09/19,辦公,無電梯公寓,新北市汐止區新台五路一段,1坪,1400,2 / 10,汐止區
385,2023/09/19,辦公,無電梯公寓,新北市土城區中正路,1坪,1400,2 / 9,土城區
386,2023/09/19,辦公,電梯大樓,新北市三重區中正南路,1坪,1400,11 / 12,三重區
387,2023/09/19,辦公,電梯大樓,新北市板橋區中山路二段,1坪,1400,2 / 12,板橋區
388,2023/09/19,辦公,無電梯公寓,新北市永和區永和路二段,1坪,1400,4 / 12,永和區
389,2023/09/19,辦公,無電梯公寓,新北市永和區永和路二段,1坪,1400,4 / 12,永和區
390,2023/09/19,辦公,無電梯公寓,新北市永和區永和路二段,1坪,1400,4 / 12,永和區
391,2023/09/19,辦公,無電梯公寓,新北市永和區永和路二段,1坪,1400,4 / 12,永和區
392,2023/09/18,分租套房,電梯大樓,新北市淡水區北新路,3坪,4000,6 / 6,淡水區
393,2023/09/18,廠辦,,新北市中和區員山路,200坪,120000,1 / ,中和區
394,2023/09/18,整層住家,電梯大樓,新北市淡水區新市二路一段,23.46坪,16000,4 / 13,淡水區
395,2023/09/16,整層住家,無電梯公寓,新北市新莊區中港路,26.09坪,25000,3 / 5,新莊區
396,2023/09/15,獨立套房,無電梯公寓,新北市板橋區大觀路二段,8坪,14000,4 / 5,板橋區
397,2023/09/15,廠辦,,新北市新莊區民安東路,96.35坪,75000,1 / ,新莊區
398,2023/09/15,整層住家,無電梯公寓,新北市永和區安樂路,28坪,27000,4 / 5,永和區
399,2023/09/15,其他,電梯大樓,新北市淡水區民權路,16.46坪,19500,2 / 24,淡水區
400,2023/09/15,其他,電梯大樓,新北市淡水區民權路,16.46坪,19500,2 / 24,淡水區
401,2023/09/15,其他,電梯大樓,新北市淡水區民權路,15.84坪,19500,14 / 24,淡水區
402,2023/09/15,其他,電梯大樓,新北市淡水區民權路,15.84坪,19500,14 / 24,淡水區
403,2023/09/15,廠辦,,新北市土城區承天路,95坪,85000,1 / ,土城區
404,2023/09/15,店面,無電梯公寓,新北市新莊區五權一路,20坪,33000,1 / 5,新莊區
405,2023/09/13,整層住家,電梯大樓,新北市新莊區中正路,25.98坪,28000,13 / 18,新莊區
406,2023/09/13,辦公,無電梯公寓,新北市新莊區中正路,23.89坪,16000,2 / 5,新莊區
407,2023/09/13,整層住家,電梯大樓,新北市永和區自由街,17坪,32000,10 / 15,永和區
408,2023/09/12,分租套房,電梯大樓,新北市土城區中央路二段,5.5坪,7800,1 / 7,土城區
409,2023/09/11,整層住家,電梯大樓,新北市汐止區康寧街,48坪,38000,8 / 19,汐止區
410,2023/09/10,分租套房,電梯大樓,新北市永和區環河西路一段,5坪,8500,14 / 25,永和區
411,2023/09/10,獨立套房,無電梯公寓,新北市中和區南華路,5坪,7500,5 / 5,中和區
412,2023/09/10,獨立套房,無電梯公寓,新北市中和區南華路,5坪,7500,5 / 5,中和區
413,2023/09/10,獨立套房,無電梯公寓,新北市中和區南華路,7坪,8500,5 / 5,中和區
414,2023/09/10,獨立套房,無電梯公寓,新北市新店區安康路一段,10坪,9000,3 / 4,新店區
415,2023/09/10,分租套房,無電梯公寓,新北市新莊區民本街,5坪,6800,5 / 5,新莊區
416,2023/09/10,分租套房,無電梯公寓,新北市新莊區民本街,5坪,7000,5 / 5,新莊區
417,2023/09/09,廠房,,新北市五股區中興路二段,125坪,75000,1 / 1,五股區
418,2023/09/09,店面,無電梯公寓,新北市新莊區建中街,15坪,43000,1 / 4,新莊區
419,2023/09/09,廠房,,新北市五股區中興路一段,160坪,128000,1 / 1,五股區
420,2023/09/09,整層住家,電梯大樓,新北市樹林區三福街,30坪,16000,7 / 7,樹林區
421,2023/09/08,整層住家,電梯大樓,新北市汐止區新台五路二段,16坪,13000,-2 / 36,汐止區
422,2023/09/08,廠房,,新北市蘆洲區國道路二段,146坪,150000,7 / 7,蘆洲區
423,2023/09/08,住辦,無電梯公寓,新北市新莊區新泰路,29.05坪,48000,1 / 4,新莊區
424,2023/09/08,整層住家,無電梯公寓,新北市三峽區復興路,16坪,16500,4 / 5,三峽區
425,2023/09/07,整層住家,無電梯公寓,新北市板橋區翠華街,36坪,32000,1 / 4,板橋區
426,2023/09/07,整層住家,電梯大樓,新北市蘆洲區復興路,27坪,35000,2 / 12,蘆洲區
427,2023/09/06,車位,,新北市蘆洲區復興路,4坪,4000,,蘆洲區
428,2023/09/06,車位,,新北市新店區中興路二段,3坪,3000,,新店區
429,2023/09/06,整層住家,電梯大樓,新北市新店區安泰路,27.38坪,27500,7 / 7,新店區
430,2023/09/06,辦公,電梯大樓,新北市三重區重新路五段,85.54坪,92000,8 / 10,三重區
431,2023/09/06,獨立套房,電梯大樓,新北市新店區安泰路,27.38坪,27500,7 / 7,新店區
432,2023/09/06,整層住家,電梯大樓,新北市新店區安泰路,27.38坪,27500,7 / 7,新店區
433,2023/09/06,整層住家,電梯大樓,新北市新店區安泰路,27.38坪,27500,7 / 7,新店區
434,2023/09/06,整層住家,電梯大樓,新北市新店區安泰路,27.38坪,27500,7 / 7,新店區
435,2023/09/06,整層住家,電梯大樓,新北市新店區永平街,19.1坪,23000,4 / 12,新店區
436,2023/09/06,整層住家,電梯大樓,新北市新店區安泰路,27.38坪,27500,7 / 7,新店區
437,2023/09/06,整層住家,電梯大樓,新北市八里區龍米路二段,21.74坪,20000,14 / 14,八里區
438,2023/09/05,整層住家,電梯大樓,新北市永和區竹林路,34坪,25000,3 / 10,永和區
439,2023/09/05,整層住家,電梯大樓,新北市淡水區濱海路三段,42坪,21000,5 / 11,淡水區
440,2023/09/05,整層住家,電梯大樓,新北市淡水區濱海路三段,42坪,21000,5 / 11,淡水區
441,2023/09/05,整層住家,電梯大樓,新北市中和區中和路,35坪,35000,3 / 16,中和區
442,2023/09/05,整層住家,無電梯公寓,新北市中和區忠孝街,27坪,18000,4 / 5,中和區
443,2023/09/05,分租套房,電梯大樓,新北市淡水區新民街,8坪,8000,3 / 7,淡水區
444,2023/09/05,整層住家,電梯大樓,新北市三峽區和平街,28.47坪,30000,3 / 9,三峽區
445,2023/09/05,整層住家,電梯大樓,新北市三峽區大觀路,18.91坪,28000,7 / 8,三峽區
446,2023/09/05,廠辦,,新北市三重區新北大道二段,103坪,105000,7 / 10,三重區
447,2023/09/05,整層住家,無電梯公寓,新北市中和區連城路,24.87坪,15500,5 / 5,中和區
448,2023/09/04,廠辦,,新北市三重區重新路五段,36.71坪,33000,8 / ,三重區
449,2023/09/04,廠辦,,新北市板橋區大觀路二段,64坪,40000,1 / ,板橋區
450,2023/09/04,雅房,電梯大樓,新北市蘆洲區永安北路一段,7坪,7600,3 / 5,蘆洲區
451,2023/09/03,整層住家,電梯大樓,新北市新莊區榮華路二段,20.34坪,38000,12 / 19,新莊區
452,2023/09/03,整層住家,電梯大樓,新北市新莊區榮華路二段,20.34坪,38000,12 / 19,新莊區
453,2023/09/03,整層住家,電梯大樓,新北市樹林區大義路,16.74坪,22000,8 / 19,樹林區
454,2023/09/03,整層住家,電梯大樓,新北市三峽區學成路,15.55坪,26000,9 / 20,三峽區
455,2023/09/03,整層住家,電梯大樓,新北市三峽區國慶路,37.45坪,35000,7 / 15,三峽區
456,2023/09/02,分租套房,無電梯公寓,新北市中和區自立路,5坪,11500,4 / 5,中和區
457,2023/09/02,分租套房,無電梯公寓,新北市板橋區金門街,12.5坪,18000,5 / 5,板橋區
458,2023/09/01,住店,無電梯公寓,新北市中和區華順街,15坪,15000,1 / 1,中和區
459,2023/09/01,分租套房,無電梯公寓,新北市中和區景新街,8坪,7500,3 / 5,中和區
460,2023/09/01,廠辦,,新北市三重區重新路五段,68坪,55000,6 / ,三重區
461,2023/08/31,獨立套房,透天厝,新北市三重區中正南路,6坪,9000,1 / 4,三重區
462,2023/08/31,整層住家,電梯大樓,新北市三重區元信三街,27.61坪,29999,3 / 15,三重區
463,2023/08/30,獨立套房,無電梯公寓,新北市三重區長壽西街,6坪,7000,4 / 5,三重區
464,2023/08/29,店面,無電梯公寓,新北市三重區中華路,24坪,65000,1 / 4,三重區
465,2023/08/29,雅房,無電梯公寓,新北市蘆洲區中興街,30坪,27000,1 / 5,蘆洲區
466,2023/08/28,整層住家,電梯大樓,新北市樹林區啓智街,40坪,30000,5 / 7,樹林區
467,2023/08/28,辦公,無電梯公寓,新北市新莊區思源路,40坪,28000,2 / 4,新莊區
468,2023/08/28,辦公,無電梯公寓,新北市新莊區思源路,40坪,28000,2 / 4,新莊區
469,2023/08/28,分租套房,無電梯公寓,新北市淡水區學府路,4坪,5500,4 / 5,淡水區
470,2023/08/28,整層住家,電梯大樓,新北市新莊區中原路,38.09坪,33000,5 / 12,新莊區
471,2023/08/28,整層住家,電梯大樓,新北市新莊區福美街,70.94坪,43000,8 / 15,新莊區
472,2023/08/27,店面,無電梯公寓,新北市板橋區長江路一段,10坪,32000,1 / 5,板橋區
473,2023/08/27,其他,電梯大樓,新北市淡水區民權路,15.84坪,17500,17 / 24,淡水區
474,2023/08/26,車位,,新北市永和區中正路,8坪,3000,,永和區
475,2023/08/26,獨立套房,無電梯公寓,新北市板橋區大觀路二段,9坪,16000,4 / 5,板橋區
476,2023/08/26,店面,電梯大樓,新北市三峽區大學路,29.46坪,70000,1 / 6,三峽區
477,2023/08/25,分租套房,電梯大樓,新北市新莊區建國一路,4.5坪,5000,5 / 10,新莊區
478,2023/08/25,分租套房,透天厝,新北市蘆洲區永安北路一段,7坪,10000,3 / 5,蘆洲區
479,2023/08/25,雅房,無電梯公寓,新北市永和區福和路,4坪,5500,2 / 5,永和區
480,2023/08/25,獨立套房,無電梯公寓,新北市汐止區康寧街,10坪,10000,1 / 3,汐止區
481,2023/08/25,廠辦,,新北市新莊區瓊林南路,60坪,55000,-1 / ,新莊區
482,2023/08/25,分租套房,電梯大樓,新北市新店區安忠路,4坪,6000,1 / 6,新店區
483,2023/08/25,店面,電梯大樓,新北市新莊區中華路二段,38.14坪,80000,1 / 10,新莊區
484,2023/08/25,整層住家,電梯大樓,新北市新莊區新泰路,20坪,25000,4 / 14,新莊區
485,2023/08/25,獨立套房,無電梯公寓,新北市三重區大仁街,5坪,6000,4 / 5,三重區
486,2023/08/25,獨立套房,無電梯公寓,新北市三重區大仁街,5坪,6000,4 / 5,三重區
487,2023/08/25,獨立套房,無電梯公寓,新北市三重區大仁街,5坪,6000,4 / 5,三重區
488,2023/08/25,獨立套房,無電梯公寓,新北市三重區大仁街,5坪,6000,4 / 5,三重區
489,2023/08/25,獨立套房,無電梯公寓,新北市三重區大仁街,5坪,6000,4 / 5,三重區
490,2023/08/24,整層住家,電梯大樓,新北市三峽區學成路,15.55坪,26000,9 / 21,三峽區
491,2023/08/24,整層住家,電梯大樓,新北市板橋區中山路二段,8坪,9000,8 / 8,板橋區
492,2023/08/24,店面,透天厝,新北市三峽區三樹路,27坪,45000,1 / 2,三峽區
493,2023/08/24,廠辦,,新北市五股區壟勾路,250坪,100000,1 / ,五股區
494,2023/08/23,整層住家,電梯大樓,新北市三峽區學勤路,21.64坪,23000,17 / 19,三峽區
495,2023/08/23,整層住家,電梯大樓,新北市三峽區學勤路,21.64坪,23000,17 / 19,三峽區
496,2023/08/23,獨立套房,無電梯公寓,新北市三重區自強路三段,5坪,6600,3 / 5,三重區
497,2023/08/23,獨立套房,無電梯公寓,新北市三重區自強路三段,5坪,6600,3 / 5,三重區
498,2023/08/22,整層住家,無電梯公寓,新北市中和區景平路,20坪,18000,2 / 5,中和區
499,2023/08/22,整層住家,電梯大樓,新北市汐止區中興路,34.3坪,30000,7 / 17,汐止區
500,2023/08/22,分租套房,無電梯公寓,新北市蘆洲區三民路,10坪,14999,5 / 5,蘆洲區
501,2023/08/22,廠辦,,新北市樹林區佳園路三段,370坪,259000,1 / ,樹林區
502,2023/08/22,雅房,無電梯公寓,新北市板橋區大觀路二段,15坪,5000,5 / 4,板橋區
503,2023/08/22,車位,,新北市淡水區北新路,4.12坪,2500,,淡水區
504,2023/08/21,廠辦,,新北市土城區城林路,90坪,73000,1 / ,土城區
505,2023/08/21,廠辦,,新北市土城區城林路,90坪,73000,1 / ,土城區
506,2023/08/21,分租套房,無電梯公寓,新北市新店區中興路三段,4坪,6500,2 / 4,新店區
507,2023/08/21,辦公,無電梯公寓,新北市三重區成功路,26.32坪,35000,1 / 4,三重區
508,2023/08/20,整層住家,電梯大樓,新北市新莊區中華路三段,10.8坪,28000,14 / 15,新莊區
509,2023/08/20,住店,無電梯公寓,新北市鶯歌區鳳吉二街,23.54坪,20000,1 / 4,鶯歌區
510,2023/08/19,整層住家,電梯大樓,新北市永和區環河西路二段,49.51坪,36000,4 / 22,永和區
511,2023/08/18,辦公,透天厝,新北市中和區中板路,63坪,32000,3 / 4,中和區
512,2023/08/18,廠辦,,新北市土城區承天路,95坪,85000,1 / ,土城區
513,2023/08/18,分租套房,無電梯公寓,新北市蘆洲區長安街,10坪,13500,5 / 5,蘆洲區
514,2023/08/18,廠辦,,新北市五股區御史路,110坪,77000,1 / ,五股區
515,2023/08/18,廠辦,,新北市五股區御史路,120坪,84000,1 / ,五股區
516,2023/08/17,辦公,電梯大樓,新北市中和區中正路,71.67坪,71670,8 / 18,中和區
517,2023/08/17,廠辦,,新北市中和區中正路,76.39坪,76390,17 / ,中和區
518,2023/08/17,廠辦,,新北市三重區中興北街,80坪,65000,1 / ,三重區
519,2023/08/17,辦公,電梯大樓,新北市中和區中正路,47.5坪,53000,6 / 21,中和區
520,2023/08/17,廠辦,,新北市三重區光復路一段,150坪,110000,1 / ,三重區
521,2023/08/17,分租套房,無電梯公寓,新北市貢寮區新港街,6坪,5000,3 / 3,貢寮區
522,2023/08/17,整層住家,電梯大樓,新北市新莊區榮華路二段,29.73坪,32500,7 / 21,新莊區
523,2023/08/16,廠辦,,新北市板橋區干城路,55坪,65000,1 / ,板橋區
524,2023/08/16,整層住家,電梯大樓,新北市新莊區新北大道二段,44.76坪,43000,9 / 15,新莊區
525,2023/08/15,店面,電梯大樓,新北市林口區文化二路一段,15坪,16000,1 / 13,林口區
526,2023/08/14,整層住家,電梯大樓,新北市三峽區學成路,47.35坪,22000,12 / 15,三峽區
527,2023/08/14,廠辦,,新北市五股區中直路,120坪,86000,1 / ,五股區
528,2023/08/14,整層住家,電梯大樓,新北市新莊區福美街,43.88坪,35000,5 / 13,新莊區
529,2023/08/14,獨立套房,無電梯公寓,新北市三重區仁賢街,7坪,8500,3 / 5,三重區
530,2023/08/13,其他,電梯大樓,新北市淡水區民權路,16.67坪,19200,14 / 24,淡水區
531,2023/08/13,分租套房,透天厝,新北市中和區忠孝街,5坪,5500,4 / 4,中和區
532,2023/08/12,分租套房,無電梯公寓,新北市永和區得和路,7坪,8200,4 / 5,永和區
533,2023/08/12,獨立套房,電梯大樓,新北市三重區溪尾街,12坪,13500,1 / 15,三重區
534,2023/08/12,店面,電梯大樓,新北市三峽區文化路,35坪,32000,-1 / 13,三峽區
535,2023/08/12,分租套房,無電梯公寓,新北市三峽區復興路,11坪,12000,4 / 5,三峽區
536,2023/08/11,分租套房,無電梯公寓,新北市三峽區復興路,7坪,9500,2 / 5,三峽區
537,2023/08/11,分租套房,無電梯公寓,新北市中和區水源路,5坪,6500,4 / 6,中和區
538,2023/08/11,分租套房,無電梯公寓,新北市新店區五峰路,5坪,8500,1 / 5,新店區
539,2023/08/11,廠辦,,新北市中和區建八路,140坪,69000,1 / ,中和區
540,2023/08/10,廠辦,,新北市樹林區三俊街,125坪,95000,1 / ,樹林區
541,2023/08/09,廠房,,新北市中和區立德街,65坪,85000,1 / 4,中和區
542,2023/08/09,廠房,,新北市中和區立德街,50坪,40000,2 / 3,中和區
543,2023/08/09,廠房,,新北市中和區立德街,115坪,120000,1 / 4,中和區
544,2023/08/09,廠房,,新北市中和區立德街,115坪,120000,1 / 4,中和區
545,2023/08/09,廠房,,新北市中和區立德街,115坪,120000,1 / 4,中和區
546,2023/08/09,整層住家,電梯大樓,新北市三峽區大德路,40.94坪,32000,9 / 15,三峽區
547,2023/08/09,分租套房,無電梯公寓,新北市樹林區龍興街,8坪,70000,4 / 4,樹林區
548,2023/08/09,分租套房,無電梯公寓,新北市樹林區龍興街,8坪,70000,4 / 4,樹林區
549,2023/08/09,整層住家,電梯大樓,新北市新莊區中央路,66.53坪,46000,5 / 19,新莊區
550,2023/08/08,廠辦,,新北市中和區中正路,109.36坪,85850,7 / ,中和區
551,2023/08/08,整層住家,電梯大樓,新北市新莊區龍安路,23.36坪,25000,9 / 15,新莊區
552,2023/08/08,整層住家,電梯大樓,新北市三峽區永安街,28.99坪,24000,2 / 6,三峽區
553,2023/08/07,整層住家,電梯大樓,新北市林口區文化三路一段,17.9坪,38000,6 / 24,林口區
554,2023/08/07,辦公,電梯大樓,新北市新店區民權路,9坪,12800,10 / 11,新店區
555,2023/08/07,辦公,電梯大樓,新北市新店區民權路,8坪,15000,10 / 11,新店區
556,2023/08/07,辦公,電梯大樓,新北市新店區民權路,9坪,12800,10 / 11,新店區
557,2023/08/07,辦公,電梯大樓,新北市新店區民權路,8坪,15000,10 / 11,新店區
558,2023/08/07,辦公,電梯大樓,新北市新店區民權路,9坪,12800,10 / 11,新店區
559,2023/08/07,辦公,電梯大樓,新北市新店區民權路,8坪,15000,10 / 11,新店區
560,2023/08/07,辦公,電梯大樓,新北市新店區民權路,8坪,15000,10 / 11,新店區
561,2023/08/07,辦公,電梯大樓,新北市新店區民權路,9坪,12800,10 / 11,新店區
562,2023/08/07,辦公,電梯大樓,新北市新店區民權路,9坪,12800,10 / 11,新店區
563,2023/08/07,辦公,電梯大樓,新北市新店區民權路,9坪,12800,10 / 11,新店區
564,2023/08/07,辦公,電梯大樓,新北市新店區民權路,8坪,15000,10 / 10,新店區
565,2023/08/07,辦公,電梯大樓,新北市新店區民權路,8坪,15000,10 / 10,新店區
566,2023/08/07,辦公,電梯大樓,新北市新店區民權路,9坪,12800,10 / 11,新店區
567,2023/08/07,辦公,電梯大樓,新北市新店區民權路,8坪,15000,10 / 11,新店區
568,2023/08/07,獨立套房,電梯大樓,新北市深坑區北深路三段,8.18坪,12500,5 / 16,深坑區
569,2023/08/07,整層住家,電梯大樓,新北市新莊區福壽街,57.01坪,43000,18 / 19,新莊區
570,2023/08/05,辦公,電梯大樓,新北市新莊區頭前路,83.82坪,63000,2 / 10,新莊區
571,2023/08/04,獨立套房,無電梯公寓,新北市土城區青雲路,6坪,8800,3 / 6,土城區
572,2023/08/04,整層住家,電梯大樓,新北市淡水區自強路,22.21坪,24000,4 / 5,淡水區
573,2023/08/02,廠辦,,新北市泰山區文化街,180坪,85000,1 / ,泰山區
574,2023/08/02,廠辦,,新北市土城區亞洲路,120坪,56000,1 / ,土城區
575,2023/08/02,整層住家,無電梯公寓,新北市新莊區新興街,22坪,19000,2 / 3,新莊區
576,2023/08/02,分租套房,無電梯公寓,新北市淡水區中正路一段,8坪,12000,4 / 4,淡水區
577,2023/08/01,整層住家,無電梯公寓,新北市中和區景新街,35坪,30000,4 / 5,中和區
578,2023/08/01,廠辦,,新北市五股區新五路二段,155坪,80000,1 / ,五股區
579,2023/08/01,整層住家,電梯大樓,新北市板橋區金門街,30坪,33000,12 / 13,板橋區
580,2023/08/01,獨立套房,無電梯公寓,新北市中和區宜安路,7坪,11500,5 / 5,中和區
581,2023/08/01,整層住家,電梯大樓,新北市淡水區新市五路三段,37.64坪,19000,15 / 26,淡水區
582,2023/08/01,整層住家,電梯大樓,新北市淡水區新市五路三段,37.64坪,19000,15 / 26,淡水區
583,2023/08/01,整層住家,無電梯公寓,新北市三峽區大勇路,8坪,13000,2 / 5,三峽區
584,2023/08/01,整層住家,電梯大樓,新北市新莊區思源路,72.33坪,51000,10 / 12,新莊區
585,2023/07/31,獨立套房,電梯大樓,新北市樹林區忠孝街,10坪,9500,5 / 12,樹林區
586,2023/07/31,整層住家,電梯大樓,新北市板橋區實踐路,23.79坪,35000,9 / 11,板橋區
587,2023/07/31,整層住家,電梯大樓,新北市三重區五華街,32.6坪,37000,6 / 7,三重區
588,2023/07/31,整層住家,電梯大樓,新北市三重區集賢路,16.83坪,35000,7 / 12,三重區
589,2023/07/31,整層住家,無電梯公寓,新北市新莊區福海街,29.29坪,30000,2 / 4,新莊區
590,2023/07/30,整層住家,無電梯公寓,新北市樹林區復興路,34坪,16000,3 / 5,樹林區
591,2023/07/30,整層住家,電梯大樓,新北市淡水區新市三路一段,29.78坪,26000,6 / 23,淡水區
592,2023/07/29,住辦,無電梯公寓,新北市中和區秀朗路三段,20坪,20000,1 / 4,中和區
593,2023/07/28,雅房,無電梯公寓,新北市中和區連城路,5坪,5800,2 / 4,中和區
594,2023/07/28,整層住家,無電梯公寓,新北市三重區中正南路,10坪,11000,2 / 5,三重區
595,2023/07/28,整層住家,電梯大樓,新北市板橋區松柏街,36坪,32000,4 / 7,板橋區
596,2023/07/28,整層住家,電梯大樓,新北市新莊區榮華路一段,63.59坪,45000,2 / 21,新莊區
597,2023/07/27,獨立套房,電梯大樓,新北市汐止區新台五路二段,7坪,10000,32 / 36,汐止區
598,2023/07/27,獨立套房,電梯大樓,新北市汐止區新台五路二段,11坪,11000,18 / 36,汐止區
599,2023/07/27,整層住家,電梯大樓,新北市汐止區新台五路二段,20坪,17000,30 / 36,汐止區
600,2023/07/27,整層住家,電梯大樓,新北市汐止區忠孝東路,16坪,24000,9 / 21,汐止區
601,2023/07/27,整層住家,電梯大樓,新北市汐止區忠孝東路,29坪,29000,6 / 11,汐止區
602,2023/07/27,整層住家,電梯大樓,新北市板橋區華江六路,18坪,37000,22 / 22,板橋區
603,2023/07/27,辦公,電梯大樓,新北市汐止區大同路一段,22坪,18900,3 / 12,汐止區
604,2023/07/27,辦公,電梯大樓,新北市汐止區大同路一段,22坪,18900,3 / 12,汐止區
605,2023/07/26,住辦,無電梯公寓,新北市三重區電信街,15坪,23000,1 / 4,三重區
606,2023/07/26,分租套房,透天厝,新北市中和區忠孝街,5坪,5500,4 / 4,中和區
607,2023/07/26,整層住家,電梯大樓,新北市八里區中華路二段,25坪,19500,3 / 16,八里區
608,2023/07/26,整層住家,電梯大樓,新北市八里區中華路二段,25坪,19500,3 / 16,八里區
609,2023/07/26,整層住家,電梯大樓,新北市八里區中華路二段,25坪,19500,3 / 16,八里區
610,2023/07/26,整層住家,電梯大樓,新北市八里區中華路二段,25坪,19500,3 / 16,八里區
611,2023/07/26,整層住家,電梯大樓,新北市八里區中華路二段,25坪,19500,3 / 16,八里區
612,2023/07/26,整層住家,電梯大樓,新北市八里區中華路二段,25坪,19500,3 / 16,八里區
613,2023/07/25,廠辦,,新北市泰山區楓江路,670坪,360000,1 / ,泰山區
614,2023/07/25,辦公,電梯大樓,新北市汐止區大同路一段,27坪,24500,4 / 12,汐止區
615,2023/07/25,辦公,電梯大樓,新北市汐止區大同路一段,27坪,24500,4 / 12,汐止區
616,2023/07/25,廠辦,,新北市板橋區板林路,60坪,65000,1 / ,板橋區
617,2023/07/25,店面,電梯大樓,新北市淡水區英專路,225坪,250000,1 / 7,淡水區
618,2023/07/24,分租套房,電梯大樓,新北市土城區中央路一段,3.5坪,7300,4 / 7,土城區
619,2023/07/24,分租套房,無電梯公寓,新北市貢寮區新港街,6坪,5000,3 / 3,貢寮區
620,2023/07/24,辦公,電梯大樓,新北市新店區民權路,8坪,12800,10 / 11,新店區
621,2023/07/24,辦公,電梯大樓,新北市新店區民權路,8坪,12800,10 / 11,新店區
622,2023/07/24,辦公,電梯大樓,新北市新店區民權路,8坪,12800,10 / 11,新店區
623,2023/07/24,辦公,電梯大樓,新北市新店區民權路,8坪,12800,10 / 11,新店區
624,2023/07/24,辦公,電梯大樓,新北市新店區民權路,8坪,12800,10 / 11,新店區
625,2023/07/24,廠辦,,新北市三重區重新路五段,96.73坪,75000,5 / ,三重區
626,2023/07/24,辦公,電梯大樓,新北市新店區民權路,8坪,12800,10 / 11,新店區
627,2023/07/23,廠房,,新北市樹林區八德街,150坪,105000,1 / 1,樹林區
628,2023/07/23,整層住家,電梯大樓,新北市樹林區學成路,41.4坪,32000,5 / 19,樹林區
629,2023/07/22,整層住家,電梯大樓,新北市板橋區國慶路,32坪,27000,4 / 7,板橋區
630,2023/07/21,廠辦,,新北市中和區立德街,90坪,85000,1 / ,中和區
631,2023/07/21,獨立套房,無電梯公寓,新北市中和區捷運路,5坪,7700,2 / 4,中和區
632,2023/07/21,獨立套房,無電梯公寓,新北市中和區捷運路,5坪,7700,2 / 4,中和區
633,2023/07/21,廠辦,,新北市樹林區忠愛街,300坪,138000,4 / ,樹林區
634,2023/07/21,獨立套房,電梯大樓,新北市新莊區中正路,23.84坪,23000,12 / 14,新莊區
635,2023/07/21,獨立套房,電梯大樓,新北市新莊區中正路,23.84坪,23000,12 / 14,新莊區
636,2023/07/21,獨立套房,電梯大樓,新北市永和區中山路一段,5坪,14000,7 / 13,永和區
637,2023/07/21,獨立套房,電梯大樓,新北市三重區正義北路,5.6坪,18000,2 / 13,三重區
638,2023/07/20,獨立套房,無電梯公寓,新北市汐止區樟樹一路,5坪,7500,4 / 5,汐止區
639,2023/07/20,獨立套房,無電梯公寓,新北市三重區民生東街,11坪,11000,4 / 5,三重區
640,2023/07/19,住辦,透天厝,新北市土城區大安路,90坪,39000,2 / 2,土城區
641,2023/07/18,獨立套房,電梯大樓,新北市泰山區明志路三段,4.5坪,5300,6 / 9,泰山區
642,2023/07/18,整層住家,電梯大樓,新北市土城區樂利街,27.8坪,25000,3 / 8,土城區
643,2023/07/18,整層住家,電梯大樓,新北市板橋區莊敬路,30.82坪,48000,5 / 15,板橋區
644,2023/07/18,整層住家,電梯大樓,新北市板橋區華江一路,29.34坪,45000,19 / 19,板橋區
645,2023/07/18,整層住家,電梯大樓,新北市板橋區華江一路,53.29坪,55000,20 / 23,板橋區
646,2023/07/18,廠辦,,新北市中和區中山路二段,130坪,138000,1 / ,中和區
647,2023/07/18,整層住家,電梯大樓,新北市新莊區中央路,66.53坪,46000,5 / 19,新莊區
648,2023/07/17,整層住家,電梯大樓,新北市三峽區弘園街,20.92坪,20000,5 / 7,三峽區
649,2023/07/17,整層住家,電梯大樓,新北市淡水區興福寮,17坪,13000,8 / 14,淡水區
650,2023/07/15,整層住家,電梯大樓,新北市五股區新五路三段,18坪,25000,6 / 19,五股區
651,2023/07/15,廠辦,,新北市五股區凌雲路二段,150坪,90000,1 / ,五股區
652,2023/07/15,辦公,無電梯公寓,新北市新莊區五工二路,85坪,55000,-1 / 5,新莊區
653,2023/07/15,整層住家,無電梯公寓,新北市三重區永安北路一段,27坪,22000,5 / 5,三重區
654,2023/07/15,整層住家,無電梯公寓,新北市新莊區豐年街,27坪,20000,4 / 5,新莊區
655,2023/07/15,獨立套房,電梯大樓,新北市蘆洲區光明路,7坪,8500,5 / 5,蘆洲區
656,2023/07/15,整層住家,無電梯公寓,新北市板橋區大華街,22坪,18000,5 / 6,板橋區
657,2023/07/15,整層住家,電梯大樓,新北市五股區水碓一路,42.72坪,28000,3 / 7,五股區
658,2023/07/14,獨立套房,電梯大樓,新北市樹林區忠孝街,9.8坪,9000,5 / 9,樹林區
659,2023/07/14,倉庫,無電梯公寓,新北市新莊區龍安路,10坪,9000,1 / 1,新莊區
660,2023/07/14,辦公,電梯大樓,新北市新店區民權路,25坪,38000,11 / 11,新店區
661,2023/07/14,獨立套房,電梯大樓,新北市淡水區新春街,12.96坪,12000,9 / 17,淡水區
662,2023/07/14,辦公,電梯大樓,新北市新店區民權路,25坪,38000,10 / 11,新店區
663,2023/07/14,辦公,電梯大樓,新北市新店區民權路,25坪,38000,10 / 11,新店區
664,2023/07/14,辦公,電梯大樓,新北市新店區民權路,25坪,38000,11 / 11,新店區
665,2023/07/14,辦公,電梯大樓,新北市新店區民權路,25坪,38000,11 / 11,新店區
666,2023/07/14,辦公,電梯大樓,新北市新店區民權路,25坪,38000,11 / 11,新店區
667,2023/07/14,辦公,電梯大樓,新北市新店區民權路,25坪,38000,11 / 11,新店區
668,2023/07/14,分租套房,無電梯公寓,新北市永和區竹林路,6坪,7500,4 / 5,永和區
669,2023/07/14,辦公,電梯大樓,新北市新店區民權路,25坪,38000,10 / 11,新店區
670,2023/07/13,整層住家,無電梯公寓,新北市中和區華新街,30坪,27000,2 / 4,中和區
671,2023/07/13,整層住家,電梯大樓,新北市八里區頂寮二街,23坪,18000,9 / 9,八里區
672,2023/07/13,整層住家,電梯大樓,新北市三峽區民族街,17.21坪,16500,2 / 6,三峽區
673,2023/07/13,整層住家,電梯大樓,新北市三峽區民族街,17.21坪,16500,2 / 6,三峽區
674,2023/07/13,整層住家,無電梯公寓,新北市新莊區福海街,29.29坪,32000,2 / 4,新莊區
675,2023/07/13,整層住家,電梯大樓,新北市新莊區中正路,23.84坪,23000,12 / 18,新莊區
676,2023/07/13,整層住家,電梯大樓,新北市新莊區中正路,23.84坪,23000,12 / 18,新莊區
677,2023/07/13,整層住家,電梯大樓,新北市三重區重新路三段,24.01坪,30000,11 / 24,三重區
678,2023/07/12,廠房,,新北市泰山區楓江路,670坪,360000,1 / 2,泰山區
679,2023/07/12,整層住家,電梯大樓,新北市鶯歌區國中街,29坪,20000,5 / 9,鶯歌區
680,2023/07/11,辦公,電梯大樓,新北市中和區景平路,702.75坪,365852,4 / 19,中和區
681,2023/07/10,車位,,新北市土城區中央路二段,4坪,4000,,土城區
682,2023/07/10,店面,透天厝,新北市板橋區中山路一段,80坪,248000,1 / 2,板橋區
683,2023/07/10,分租套房,透天厝,新北市新莊區建福路,5坪,14000,1 / 3,新莊區
684,2023/07/10,整層住家,無電梯公寓,新北市板橋區中正路,15坪,15500,4 / 4,板橋區
685,2023/07/10,整層住家,無電梯公寓,新北市板橋區中正路,15坪,15500,4 / 4,板橋區
686,2023/07/09,分租套房,透天厝,新北市汐止區汐萬路二段,4坪,6700,3 / 3,汐止區
687,2023/07/09,整層住家,透天厝,新北市汐止區汐萬路二段,17坪,16680,2 / 3,汐止區
688,2023/07/09,整層住家,電梯大樓,新北市汐止區福德二路,34.83坪,23000,3 / 12,汐止區
689,2023/07/09,店面,電梯大樓,新北市三峽區文化路,21.95坪,21000,1 / 13,三峽區
690,2023/07/09,店面,電梯大樓,新北市三峽區文化路,21.95坪,21000,1 / 13,三峽區
691,2023/07/09,店面,電梯大樓,新北市三峽區文化路,21.95坪,21000,1 / 13,三峽區
692,2023/07/09,分租套房,無電梯公寓,新北市中和區華新街,6坪,6500,3 / 3,中和區
693,2023/07/08,店面,無電梯公寓,新北市板橋區光武街,30.45坪,42000,1 / 4,板橋區
694,2023/07/07,分租套房,透天厝,新北市新莊區建福路,5坪,12000,2 / 3,新莊區
695,2023/07/06,整層住家,電梯大樓,新北市三峽區和平街,35坪,32000,2 / 2,三峽區
696,2023/07/06,車位,,新北市板橋區民生路一段,3坪,3800,,板橋區
697,2023/07/06,車位,,新北市板橋區民生路一段,3坪,3800,,板橋區
698,2023/07/06,整層住家,電梯大樓,新北市樹林區學府路,24.96坪,30000,13 / 15,樹林區
699,2023/07/06,整層住家,電梯大樓,新北市樹林區學府路,24.96坪,30000,13 / 15,樹林區
700,2023/07/06,整層住家,電梯大樓,新北市樹林區學府路,24.96坪,30000,13 / 15,樹林區
701,2023/07/06,整層住家,電梯大樓,新北市樹林區學府路,24.96坪,30000,13 / 15,樹林區
702,2023/07/06,整層住家,電梯大樓,新北市樹林區學府路,24.96坪,30000,13 / 15,樹林區
703,2023/07/06,整層住家,電梯大樓,新北市樹林區學府路,24.96坪,30000,13 / 15,樹林區
704,2023/07/06,整層住家,電梯大樓,新北市樹林區學府路,24.96坪,30000,13 / 15,樹林區
705,2023/07/06,整層住家,電梯大樓,新北市樹林區學府路,24.96坪,30000,13 / 15,樹林區
706,2023/07/06,整層住家,電梯大樓,新北市樹林區學府路,24.96坪,30000,13 / 15,樹林區
707,2023/07/06,整層住家,電梯大樓,新北市樹林區學府路,24.96坪,30000,13 / 15,樹林區
708,2023/07/06,整層住家,電梯大樓,新北市樹林區學府路,24.96坪,30000,13 / 15,樹林區
709,2023/07/05,分租套房,無電梯公寓,新北市永和區竹林路,6坪,8000,4 / 5,永和區
710,2023/07/05,整層住家,電梯大樓,新北市五股區水碓一路,38.25坪,28000,7 / 7,五股區
711,2023/07/05,住辦,透天厝,新北市新莊區新莊路,36坪,27000,1 / 3,新莊區
712,2023/07/05,住辦,透天厝,新北市新莊區新莊路,36坪,27000,1 / 3,新莊區
713,2023/07/05,住辦,透天厝,新北市新莊區新莊路,36坪,27000,1 / 3,新莊區
714,2023/07/05,獨立套房,無電梯公寓,新北市三重區明德街,6坪,7500,2 / 4,三重區
715,2023/07/04,整層住家,無電梯公寓,新北市板橋區板新路,30.9坪,36800,5 / 5,板橋區
716,2023/07/04,整層住家,電梯大樓,新北市板橋區中山路一段,75.45坪,100000,5 / 37,板橋區
717,2023/07/04,整層住家,電梯大樓,新北市五股區水碓一路,42.72坪,28000,7 / 7,五股區
718,2023/07/03,車位,,新北市中和區景新街,3坪,3200,,中和區
719,2023/07/01,整層住家,電梯大樓,新北市三峽區民生街,18坪,23000,8 / 15,三峽區
720,2023/07/01,廠辦,,新北市泰山區中港南路,75坪,56000,1 / ,泰山區
721,2023/07/01,廠辦,,新北市泰山區中港西路,87坪,58000,1 / ,泰山區
722,2023/07/01,廠辦,,新北市泰山區中港西路,280坪,110000,1 / ,泰山區
723,2023/07/01,整層住家,無電梯公寓,新北市新莊區建中街,30.64坪,26000,3 / 4,新莊區
724,2023/07/01,整層住家,電梯大樓,新北市三峽區中園街,9.39坪,15000,3 / 4,三峽區
725,2023/07/01,獨立套房,電梯大樓,新北市八里區中山路二段,11.72坪,10000,10 / 14,八里區
726,2023/07/01,獨立套房,電梯大樓,新北市八里區中山路二段,11.72坪,10000,10 / 14,八里區
727,2023/07/01,獨立套房,電梯大樓,新北市八里區中山路二段,11.72坪,10000,10 / 14,八里區
728,2023/07/01,獨立套房,電梯大樓,新北市八里區中山路二段,11.72坪,10000,10 / 14,八里區
729,2023/07/01,獨立套房,無電梯公寓,新北市板橋區中正路,10坪,11000,4 / 4,板橋區
730,2023/06/30,整層住家,電梯大樓,新北市淡水區中正東路二段,11.28坪,15000,24 / 33,淡水區
731,2023/06/30,整層住家,無電梯公寓,新北市新莊區中港路,32.71坪,19000,5 / 5,新莊區
732,2023/06/30,獨立套房,無電梯公寓,新北市板橋區中正路,10坪,11000,4 / 4,板橋區
733,2023/06/29,分租套房,透天厝,新北市永和區中和路,8坪,7500,3 / 3,永和區
734,2023/06/29,整層住家,電梯大樓,新北市新莊區民安西路,19.38坪,22000,2 / 7,新莊區
735,2023/06/29,廠辦,,新北市土城區承天路,100坪,65000,2 / ,土城區
736,2023/06/29,辦公,電梯大樓,新北市三重區重新路三段,48.5坪,38000,10 / 12,三重區
737,2023/06/29,辦公,電梯大樓,新北市板橋區縣民大道二段,42坪,50000,3 / 14,板橋區
738,2023/06/29,辦公,電梯大樓,新北市三重區重新路五段,94坪,50000,10 / 10,三重區
739,2023/06/29,辦公,電梯大樓,新北市三重區重新路五段,86坪,92000,8 / 10,三重區
740,2023/06/29,辦公,電梯大樓,新北市三重區福德南路,98.19坪,98000,7 / 14,三重區
741,2023/06/29,辦公,電梯大樓,新北市三重區溪尾街,180坪,205000,6 / 7,三重區
742,2023/06/29,辦公,電梯大樓,新北市三重區溪尾街,180坪,205000,6 / 7,三重區
743,2023/06/29,住辦,電梯大樓,新北市新莊區中平路,46坪,40000,4 / 7,新莊區
744,2023/06/29,車位,,新北市中和區德光路,3坪,3700,,中和區
745,2023/06/29,廠辦,,新北市泰山區明志路三段,124.76坪,69000,8 / ,泰山區
746,2023/06/28,分租套房,無電梯公寓,新北市三峽區大勇路,8坪,13000,2 / 5,三峽區
747,2023/06/28,雅房,無電梯公寓,新北市板橋區漢生東路,27坪,6500,2 / 5,板橋區
748,2023/06/28,整層住家,無電梯公寓,新北市新莊區新興街,22坪,19000,2 / 3,新莊區
749,2023/06/28,整層住家,電梯大樓,新北市新莊區榮華路一段,23.85坪,38000,5 / 17,新莊區
750,2023/06/28,辦公,透天厝,新北市中和區立德街,50坪,38000,4 / 2,中和區
751,2023/06/28,辦公,電梯大樓,新北市三重區中正南路,38.8坪,45000,2 / 12,三重區
752,2023/06/28,獨立套房,無電梯公寓,新北市三重區民生東街,12坪,12000,4 / 5,三重區
753,2023/06/28,獨立套房,無電梯公寓,新北市三重區民生東街,12坪,12000,4 / 5,三重區
754,2023/06/27,住辦,電梯大樓,新北市板橋區大觀路三段,46坪,33000,1 / 8,板橋區
755,2023/06/27,整層住家,電梯大樓,新北市淡水區新市三路一段,46.37坪,28000,10 / 10,淡水區
756,2023/06/27,整層住家,電梯大樓,新北市淡水區新市三路一段,46.37坪,28000,10 / 10,淡水區
757,2023/06/27,整層住家,電梯大樓,新北市三重區仁政街,34.5坪,28000,2 / 14,三重區
758,2023/06/27,整層住家,電梯大樓,新北市三重區仁政街,34.5坪,28000,2 / 14,三重區
759,2023/06/27,廠辦,,新北市樹林區柑園街一段,435坪,260000,1 / ,樹林區
760,2023/06/27,整層住家,電梯大樓,新北市淡水區淡金路,43坪,26000,8 / 15,淡水區
761,2023/06/27,獨立套房,無電梯公寓,新北市三重區中正北路,7坪,8000,4 / 5,三重區
762,2023/06/27,獨立套房,無電梯公寓,新北市三重區中正北路,7坪,8000,4 / 5,三重區
763,2023/06/26,車位,,新北市板橋區三民路二段,7坪,2500,,板橋區
764,2023/06/26,分租套房,透天厝,新北市汐止區汐萬路二段,4坪,6000,1 / 3,汐止區
765,2023/06/26,整層住家,電梯大樓,新北市新莊區榮華路一段,60.92坪,42000,4 / 13,新莊區
766,2023/06/26,整層住家,電梯大樓,新北市新莊區榮華路一段,60.92坪,42000,4 / 13,新莊區
767,2023/06/26,整層住家,電梯大樓,新北市新莊區榮華路一段,60.92坪,42000,4 / 13,新莊區
768,2023/06/26,雅房,無電梯公寓,新北市新店區建國路,5坪,6000,5 / 5,新店區
769,2023/06/25,店面,無電梯公寓,新北市新店區安康路一段,15坪,18500,1 / 4,新店區
770,2023/06/24,整層住家,電梯大樓,新北市淡水區沙崙路一段,37.56坪,20000,8 / 12,淡水區
771,2023/06/23,整層住家,透天厝,新北市新店區北宜路二段,27坪,15000,2 / 2,新店區
772,2023/06/22,分租套房,透天厝,新北市板橋區板新路,10坪,19800,4 / 4,板橋區
773,2023/06/22,分租套房,透天厝,新北市板橋區板新路,10坪,19800,4 / 4,板橋區
774,2023/06/22,整層住家,電梯大樓,新北市淡水區自強路,31.1坪,19800,15 / 16,淡水區
775,2023/06/22,整層住家,電梯大樓,新北市三重區仁政街,43坪,28000,11 / 14,三重區
776,2023/06/21,辦公,電梯大樓,新北市三重區成功路,21.94坪,23000,1 / 7,三重區
777,2023/06/21,整層住家,電梯大樓,新北市新莊區中港路,26.35坪,28000,12 / 13,新莊區
778,2023/06/21,獨立套房,透天厝,新北市三重區電信街,6坪,12500,4 / 4,三重區
779,2023/06/21,整層住家,電梯大樓,新北市樹林區學府路,24.96坪,30000,13 / 15,樹林區
780,2023/06/20,分租套房,無電梯公寓,新北市中和區景新街,6坪,7500,5 / 5,中和區
781,2023/06/20,辦公,電梯大樓,新北市板橋區板新路,60.43坪,50000,2 / 12,板橋區
782,2023/06/20,整層住家,電梯大樓,新北市新莊區中正路,35.37坪,32000,17 / 18,新莊區
783,2023/06/19,整層住家,無電梯公寓,新北市中和區光華街,29.24坪,21000,5 / 5,中和區
784,2023/06/19,整層住家,電梯大樓,新北市新莊區中央路,62.46坪,68000,23 / 28,新莊區
785,2023/06/19,整層住家,電梯大樓,新北市新莊區中央路,62.46坪,68000,23 / 28,新莊區
786,2023/06/19,整層住家,電梯大樓,新北市新莊區中央路,62.46坪,68000,23 / 28,新莊區
787,2023/06/18,分租套房,無電梯公寓,新北市三峽區大勇路,9坪,14500,2 / 5,三峽區
788,2023/06/18,整層住家,電梯大樓,新北市蘆洲區集賢路,45.16坪,35000,13 / 15,蘆洲區
789,2023/06/18,獨立套房,無電梯公寓,新北市樹林區千歲街,12坪,13000,2 / 3,樹林區
790,2023/06/18,獨立套房,無電梯公寓,新北市三重區電信街,6坪,12500,3 / 4,三重區
791,2023/06/18,獨立套房,無電梯公寓,新北市三重區電信街,6坪,12500,4 / 4,三重區
792,2023/06/17,整層住家,無電梯公寓,新北市板橋區滿平街,32.25坪,23000,3 / 5,板橋區
793,2023/06/17,辦公,電梯大樓,新北市新店區民權路,8坪,15000,10 / 11,新店區
794,2023/06/17,辦公,電梯大樓,新北市新店區民權路,25坪,38000,11 / 11,新店區
795,2023/06/17,獨立套房,電梯大樓,新北市淡水區淡金路,22.46坪,18500,1 / 22,淡水區
796,2023/06/17,分租套房,無電梯公寓,新北市三峽區復興路,8坪,9000,3 / 5,三峽區
797,2023/06/17,辦公,電梯大樓,新北市新店區民權路,25坪,38000,11 / 11,新店區
798,2023/06/17,獨立套房,無電梯公寓,新北市新店區寶宏路,15坪,23800,2 / 5,新店區
799,2023/06/17,整層住家,無電梯公寓,新北市中和區忠孝街,16坪,20000,5 / 5,中和區
800,2023/06/16,分租套房,電梯大樓,新北市新店區永平街,6坪,8000,12 / 14,新店區
801,2023/06/16,整層住家,電梯大樓,新北市新莊區中華路三段,17.19坪,29800,7 / 15,新莊區
802,2023/06/16,獨立套房,無電梯公寓,新北市三重區民生東街,16坪,16000,4 / 5,三重區
803,2023/06/16,獨立套房,無電梯公寓,新北市三重區三和路四段,8坪,8500,5 / 5,三重區
804,2023/06/15,整層住家,電梯大樓,新北市新店區中央路,17坪,26000,22 / 28,新店區
805,2023/06/15,獨立套房,電梯大樓,新北市八里區龍米路一段,25.97坪,25000,3 / 21,八里區
806,2023/06/15,獨立套房,電梯大樓,新北市八里區龍米路一段,44.38坪,28000,11 / 21,八里區
807,2023/06/15,整層住家,電梯大樓,新北市板橋區民生路二段,28坪,35000,10 / 19,板橋區
808,2023/06/14,整層住家,電梯大樓,新北市中和區中山路三段,14坪,18000,7 / 14,中和區
809,2023/06/14,廠房,,新北市五股區中直路,75坪,36000,1 / 1,五股區
810,2023/06/14,整層住家,電梯大樓,新北市淡水區濱海路一段,99.37坪,45000,6 / 14,淡水區
811,2023/06/13,分租套房,無電梯公寓,新北市中和區景新街,7坪,7000,5 / 5,中和區
812,2023/06/13,廠房,,新北市三重區光復路二段,100.9坪,100000,1 / 5,三重區
813,2023/06/12,整層住家,電梯大樓,新北市樹林區大義路,20.38坪,22000,15 / 19,樹林區
814,2023/06/12,獨立套房,電梯大樓,新北市板橋區中山路一段,19.18坪,17000,20 / 23,板橋區
815,2023/06/12,雅房,無電梯公寓,新北市新店區建國路,8坪,8000,5 / 5,新店區
816,2023/06/12,整層住家,電梯大樓,新北市新莊區中央路,89.57坪,58000,13 / 18,新莊區
817,2023/06/12,整層住家,電梯大樓,新北市樹林區大成路,19.67坪,25000,9 / 15,樹林區
818,2023/06/11,整層住家,無電梯公寓,新北市板橋區三民路二段,33.88坪,24000,3 / 1,板橋區
819,2023/06/11,整層住家,無電梯公寓,新北市板橋區三民路二段,33.88坪,24000,3 / 1,板橋區
820,2023/06/11,整層住家,無電梯公寓,新北市板橋區三民路二段,33.88坪,24000,3 / 1,板橋區
821,2023/06/11,整層住家,無電梯公寓,新北市板橋區三民路二段,33.88坪,24000,3 / 1,板橋區
822,2023/06/11,整層住家,無電梯公寓,新北市板橋區三民路二段,33.88坪,24000,3 / 1,板橋區
823,2023/06/11,獨立套房,無電梯公寓,新北市三重區電信街,8坪,13000,2 / 4,三重區
824,2023/06/11,整層住家,無電梯公寓,新北市三重區三陽路,18坪,19500,2 / 5,三重區
825,2023/06/11,整層住家,無電梯公寓,新北市三重區三陽路,18坪,21500,2 / 5,三重區
826,2023/06/11,整層住家,無電梯公寓,新北市三重區三陽路,18坪,21500,2 / 5,三重區
827,2023/06/11,整層住家,電梯大樓,新北市五股區自強路,46.81坪,30000,2 / 9,五股區
828,2023/06/11,整層住家,電梯大樓,新北市五股區自強路,36.57坪,30000,2 / 9,五股區
829,2023/06/11,整層住家,電梯大樓,新北市五股區自強路,36.57坪,30000,2 / 9,五股區
830,2023/06/11,整層住家,電梯大樓,新北市五股區自強路,36.57坪,30000,2 / 9,五股區
831,2023/06/10,整層住家,電梯大樓,新北市淡水區中正路二段,32.77坪,22000,3 / 18,淡水區
832,2023/06/10,廠辦,,新北市中和區立德街,148.87坪,110000,2 / 7,中和區
833,2023/06/09,分租套房,無電梯公寓,新北市淡水區民生路,10坪,10000,1 / 2,淡水區
834,2023/06/09,廠辦,,新北市新莊區瓊林南路,130坪,100000,5 / ,新莊區
835,2023/06/08,整層住家,無電梯公寓,新北市三峽區文化路,32.02坪,22000,2 / 5,三峽區
836,2023/06/08,整層住家,電梯大樓,新北市汐止區仁愛路,38.92坪,35000,20 / 21,汐止區
837,2023/06/08,整層住家,電梯大樓,新北市淡水區新市三路一段,44坪,27000,7 / 23,淡水區
838,2023/06/08,整層住家,電梯大樓,新北市淡水區新市三路一段,44坪,27000,7 / 23,淡水區
839,2023/06/08,店面,無電梯公寓,新北市淡水區清水街,45坪,110000,1 / 3,淡水區
840,2023/06/08,整層住家,無電梯公寓,新北市三峽區文化路,32坪,22000,2 / 5,三峽區
841,2023/06/07,整層住家,電梯大樓,新北市新店區五峰路,47坪,30000,2 / 7,新店區
842,2023/06/07,廠辦,,新北市新莊區新樹路,120坪,70000,1 / ,新莊區
843,2023/06/07,獨立套房,電梯大樓,新北市新莊區中華路一段,7.41坪,14000,3 / 7,新莊區
844,2023/06/06,分租套房,透天厝,新北市中和區忠孝街,10坪,5000,4 / 4,中和區
845,2023/06/05,廠房,,新北市樹林區俊英街,47坪,38000,1 / 2,樹林區
846,2023/06/05,整層住家,電梯大樓,新北市新莊區民安西路,29.9坪,26000,3 / 6,新莊區
847,2023/06/05,整層住家,電梯大樓,新北市中和區成功路,44.09坪,30000,4 / 33,中和區
848,2023/06/05,辦公,無電梯公寓,新北市板橋區和平路,12.47坪,18000,1 / 2,板橋區
849,2023/06/05,辦公,透天厝,新北市新莊區民安西路,70坪,35000,3 / 4,新莊區
850,2023/06/05,廠辦,,新北市三重區重新路五段,94坪,50000,10 / ,三重區
851,2023/06/05,廠房,,新北市新莊區瓊林南路,206坪,185000,1 / 2,新莊區
852,2023/06/04,整層住家,電梯大樓,新北市三峽區大學路,46.45坪,32000,9 / 14,三峽區
853,2023/06/03,分租套房,無電梯公寓,新北市三峽區復興路,13坪,14500,5 / 5,三峽區
854,2023/06/03,整層住家,電梯大樓,新北市三峽區學成路,85.11坪,43000,9 / 15,三峽區
855,2023/06/03,獨立套房,無電梯公寓,新北市三重區三和路四段,6坪,7700,5 / 5,三重區
856,2023/06/02,雅房,無電梯公寓,新北市永和區豫溪街,4坪,6000,2 / 4,永和區
857,2023/06/02,整層住家,無電梯公寓,新北市新莊區忠孝街,12坪,21000,3 / 4,新莊區
858,2023/06/02,整層住家,電梯大樓,新北市新莊區新北大道四段,73.19坪,55000,10 / 19,新莊區
859,2023/06/02,土地,,新北市淡水區濱海路一段,687坪,300000,,淡水區
860,2023/06/02,整層住家,電梯大樓,新北市五股區水碓一路,32.78坪,30000,1 / 7,五股區
861,2023/06/02,辦公,透天厝,新北市樹林區保安街三段,60坪,30000,2 / 3,樹林區
862,2023/06/01,整層住家,無電梯公寓,新北市新店區寶橋路,25坪,22000,3 / 4,新店區
863,2023/06/01,整層住家,電梯大樓,新北市新莊區中原路,49.13坪,39000,17 / 19,新莊區
864,2023/06/01,整層住家,電梯大樓,新北市汐止區水碓街,30坪,26000,2 / 6,汐止區
865,2023/06/01,店面,透天厝,新北市三重區正義北路,70坪,80000,1 / 3,三重區
866,2023/06/01,住辦,電梯大樓,新北市板橋區大觀路三段,46坪,35000,1 / 8,板橋區
867,2023/05/31,整層住家,電梯大樓,新北市板橋區光環路二段,28.31坪,43000,20 / 20,板橋區
868,2023/05/31,整層住家,電梯大樓,新北市新莊區後港二路,36.49坪,32000,9 / 14,新莊區
869,2023/05/31,店面,無電梯公寓,新北市中和區民享街,50坪,48000,1 / 5,中和區
870,2023/05/30,整層住家,電梯大樓,新北市中和區自立路,34坪,28000,3 / 8,中和區
871,2023/05/30,住店,無電梯公寓,新北市樹林區中山路二段,26坪,1200,3 / 4,樹林區
872,2023/05/30,店面,透天厝,新北市三重區龍門路,22坪,37000,1 / 2,三重區
873,2023/05/30,店面,無電梯公寓,新北市三重區龍門路,40坪,68000,1 / 2,三重區
874,2023/05/30,店面,透天厝,新北市三重區龍門路,40坪,68000,1 / 2,三重區
875,2023/05/30,整層住家,電梯大樓,新北市三重區福隆路,18坪,23000,2 / 11,三重區
876,2023/05/29,整層住家,無電梯公寓,新北市永和區秀朗路二段,30坪,25900,4 / 5,永和區
877,2023/05/29,廠辦,,新北市新莊區大安路,195坪,120000,1 / ,新莊區
878,2023/05/29,辦公,透天厝,新北市新莊區福營路,35坪,22000,2 / 2,新莊區
879,2023/05/29,店面,電梯大樓,新北市板橋區莊崑路,25坪,28000,1 / 15,板橋區
880,2023/05/29,分租套房,別墅,新北市林口區忠孝路,5坪,6500,2 / 3,林口區
881,2023/05/28,整層住家,電梯大樓,新北市土城區明德路二段,50.29坪,35000,7 / 7,土城區
882,2023/05/28,整層住家,無電梯公寓,新北市鶯歌區福德三街,26坪,13000,5 / 5,鶯歌區
883,2023/05/28,整層住家,無電梯公寓,新北市鶯歌區福德三街,26坪,13000,5 / 5,鶯歌區
884,2023/05/28,整層住家,無電梯公寓,新北市鶯歌區福德三街,26坪,13000,5 / 5,鶯歌區
885,2023/05/28,整層住家,無電梯公寓,新北市鶯歌區福德三街,26坪,13000,5 / 5,鶯歌區
886,2023/05/27,獨立套房,透天厝,新北市中和區德光路,7坪,13000,2 / 2,中和區
887,2023/05/27,整層住家,電梯大樓,新北市三峽區大學路,46.45坪,32000,9 / 14,三峽區
888,2023/05/27,分租套房,無電梯公寓,新北市中和區員山路,6坪,9000,2 / 4,中和區
889,2023/05/27,獨立套房,無電梯公寓,新北市三重區大同北路,5坪,6000,3 / 4,三重區
890,2023/05/26,辦公,電梯大樓,新北市三重區福德南路,98.19坪,98000,7 / 14,三重區
891,2023/05/25,廠辦,,新北市五股區五權路,240坪,192000,2 / ,五股區
892,2023/05/25,分租套房,無電梯公寓,新北市三峽區復興路,7坪,11000,4 / 5,三峽區
893,2023/05/25,整層住家,電梯大樓,新北市三重區成功路,10坪,14000,24 / 27,三重區
894,2023/05/25,整層住家,電梯大樓,新北市新莊區中原東路,42坪,33500,8 / 17,新莊區
895,2023/05/25,辦公,電梯大樓,新北市三重區中正南路,82坪,92000,10 / 12,三重區
896,2023/05/25,整層住家,透天厝,新北市汐止區汐萬路二段,30.07坪,28000,1 / 3,汐止區
897,2023/05/25,車位,,新北市板橋區文化路一段,11坪,4500,,板橋區
898,2023/05/24,分租套房,無電梯公寓,新北市三重區六張街,5坪,8000,5 / 5,三重區
899,2023/05/24,分租套房,無電梯公寓,新北市三重區六張街,5坪,8500,5 / 5,三重區
900,2023/05/24,廠辦,,新北市五股區五工三路,820坪,800000,1 / ,五股區
901,2023/05/24,廠辦,,新北市五股區五工三路,820坪,800000,1 / ,五股區
902,2023/05/24,辦公,電梯大樓,新北市新莊區中信街,16.74坪,24000,22 / 24,新莊區
903,2023/05/23,整層住家,電梯大樓,新北市三重區中正南路,42.14坪,33000,2 / 7,三重區
904,2023/05/23,整層住家,無電梯公寓,新北市新店區中正路,25坪,20000,3 / 4,新店區
905,2023/05/23,整層住家,電梯大樓,新北市淡水區義山路,61坪,27500,4 / 15,淡水區
906,2023/05/23,獨立套房,無電梯公寓,新北市三重區六張街,6坪,9000,5 / 5,三重區
907,2023/05/23,分租套房,電梯大樓,新北市汐止區汐萬路一段,4坪,6500,7 / 7,汐止區
908,2023/05/23,獨立套房,無電梯公寓,新北市三重區三和路四段,8坪,8500,5 / 5,三重區
909,2023/05/22,店面,電梯大樓,新北市三重區仁美街,56.76坪,48000,1 / 7,三重區
910,2023/05/22,整層住家,無電梯公寓,新北市板橋區中山路二段,35坪,20000,4 / 4,板橋區
911,2023/05/21,車位,,新北市新店區安祥路,4.12坪,3600,,新店區
912,2023/05/21,獨立套房,無電梯公寓,新北市三重區大仁街,6坪,6000,4 / 5,三重區
913,2023/05/20,分租套房,無電梯公寓,新北市新莊區仁愛街,6坪,7000,4 / 4,新莊區
914,2023/05/19,獨立套房,電梯大樓,新北市汐止區樟樹一路,12坪,14000,3 / 13,汐止區
915,2023/05/19,獨立套房,電梯大樓,新北市淡水區北新路,9.25坪,9000,4 / 7,淡水區
916,2023/05/19,分租套房,無電梯公寓,新北市汐止區汐萬路二段,5坪,8000,3 / 4,汐止區
917,2023/05/18,整層住家,電梯大樓,新北市新莊區中和街,34.06坪,28000,12 / 13,新莊區
918,2023/05/18,整層住家,電梯大樓,新北市新莊區新北大道七段,21.53坪,27000,7 / 14,新莊區
919,2023/05/18,獨立套房,無電梯公寓,新北市板橋區溪崑二街,5坪,7600,5 / 5,板橋區
920,2023/05/17,分租套房,無電梯公寓,新北市新莊區仁愛街,5坪,6000,4 / 4,新莊區
921,2023/05/17,整層住家,電梯大樓,新北市樹林區佳園路三段,54.42坪,27000,11 / 15,樹林區
922,2023/05/17,整層住家,透天厝,新北市板橋區文化路一段,19坪,23000,1 / 3,板橋區
923,2023/05/17,整層住家,透天厝,新北市板橋區文化路一段,19坪,23000,1 / 3,板橋區
924,2023/05/17,店面,無電梯公寓,新北市三重區力行路一段,62.08坪,90000,1 / 5,三重區
925,2023/05/17,店面,無電梯公寓,新北市三重區力行路一段,62.08坪,90000,1 / 5,三重區
926,2023/05/17,店面,無電梯公寓,新北市三重區力行路一段,62.08坪,90000,1 / 5,三重區
927,2023/05/16,店面,電梯大樓,新北市新莊區復興路二段,10坪,25000,1 / 8,新莊區
928,2023/05/16,廠房,,新北市新莊區福營路,42坪,35000,1 / 2,新莊區
929,2023/05/16,整層住家,電梯大樓,新北市中和區中正路,8.24坪,23000,6 / 10,中和區
930,2023/05/16,店面,電梯大樓,新北市三峽區大學路,125.02坪,145000,1 / 11,三峽區
931,2023/05/16,廠辦,,新北市新莊區福營路,69.51坪,60000,1 / ,新莊區
932,2023/05/15,廠辦,,新北市五股區五權路,240坪,192000,2 / ,五股區
933,2023/05/15,廠房,,新北市八里區觀海大道,530坪,350000,1 / 5,八里區
934,2023/05/15,廠辦,,新北市中和區中正路,148.5坪,133650,2 / ,中和區
935,2023/05/15,辦公,電梯大樓,新北市中和區中山路二段,71坪,50000,4 / 10,中和區
936,2023/05/15,整層住家,電梯大樓,新北市板橋區光環路二段,44.98坪,55000,9 / 17,板橋區
937,2023/05/15,廠辦,,新北市五股區五工路,300坪,180000,4 / ,五股區
938,2023/05/15,分租套房,無電梯公寓,新北市板橋區溪崑二街,5坪,7600,5 / 5,板橋區
939,2023/05/15,車位,,新北市新店區溪園路,4坪,1500,,新店區
940,2023/05/15,廠房,,新北市土城區中山路,1140坪,900000,1 / 3,土城區
941,2023/05/14,獨立套房,無電梯公寓,新北市淡水區學府路,8.84坪,7000,3 / 5,淡水區
942,2023/05/14,整層住家,電梯大樓,新北市樹林區復興路,40.42坪,21000,11 / 14,樹林區
943,2023/05/14,獨立套房,無電梯公寓,新北市板橋區溪崑二街,5坪,7800,5 / 5,板橋區
944,2023/05/14,獨立套房,無電梯公寓,新北市三重區民生東街,14坪,14000,4 / 5,三重區
945,2023/05/14,獨立套房,無電梯公寓,新北市三重區民生東街,14坪,14000,4 / 5,三重區
946,2023/05/14,獨立套房,無電梯公寓,新北市三重區民生東街,14坪,14000,4 / 5,三重區
947,2023/05/13,店面,無電梯公寓,新北市汐止區新台五路二段,26坪,50000,1 / 3,汐止區
948,2023/05/13,獨立套房,無電梯公寓,新北市新店區安康路一段,10坪,9000,2 / 4,新店區
949,2023/05/13,分租套房,無電梯公寓,新北市新店區建興街,7坪,8500,3 / 4,新店區
950,2023/05/13,整層住家,電梯大樓,新北市新莊區立信三街,39坪,32000,7 / 13,新莊區
951,2023/05/12,分租套房,無電梯公寓,新北市三重區六張街,6坪,9000,5 / 5,三重區
952,2023/05/12,車位,,新北市板橋區大華街,4坪,4000,,板橋區
953,2023/05/12,整層住家,無電梯公寓,新北市泰山區民權街,21.64坪,18000,2 / 4,泰山區
954,2023/05/11,整層住家,無電梯公寓,新北市板橋區松柏街,25坪,20000,4 / 4,板橋區
955,2023/05/11,店面,電梯大樓,新北市三重區仁政街,16.29坪,20000,1 / 12,三重區
956,2023/05/11,廠辦,,新北市三重區重新路五段,132坪,108000,10 / ,三重區
957,2023/05/10,整層住家,電梯大樓,新北市中和區中山路二段,15.61坪,26800,6 / 12,中和區
958,2023/05/10,整層住家,電梯大樓,新北市板橋區莊敬路,18.96坪,43000,9 / 15,板橋區
959,2023/05/09,整層住家,無電梯公寓,新北市中和區華新街,26坪,15000,5 / 5,中和區
960,2023/05/09,住辦,無電梯公寓,新北市新莊區民安西路,23.17坪,30000,1 / 5,新莊區
961,2023/05/09,廠辦,,新北市新莊區青山路一段,140坪,80000,1 / ,新莊區
962,2023/05/09,整層住家,無電梯公寓,新北市樹林區文德街,16坪,15000,2 / 4,樹林區
963,2023/05/08,整層住家,電梯大樓,新北市新店區寶慶街,30.92坪,36000,11 / 12,新店區
964,2023/05/08,整層住家,電梯大樓,新北市三重區秀江街,18坪,15000,2 / 8,三重區
965,2023/05/08,獨立套房,電梯大樓,新北市新莊區建福路,8坪,7700,7 / 10,新莊區
966,2023/05/08,整層住家,電梯大樓,新北市板橋區光環路二段,49.3坪,67000,6 / 17,板橋區
967,2023/05/08,整層住家,電梯大樓,新北市板橋區光環路二段,44.98坪,54000,8 / 17,板橋區
968,2023/05/08,店面,電梯大樓,新北市新莊區福德一街,44.11坪,65000,1 / 19,新莊區
969,2023/05/08,廠辦,,新北市土城區永豐路,400坪,200000,1 / ,土城區
970,2023/05/08,廠辦,,新北市土城區永豐路,400坪,200000,1 / ,土城區
971,2023/05/07,廠辦,,新北市新莊區化成路,80坪,60000,1 / ,新莊區
972,2023/05/07,廠辦,,新北市新莊區化成路,80坪,60000,1 / ,新莊區
973,2023/05/07,整層住家,透天厝,新北市板橋區富山街,25坪,16000,2 / 3,板橋區
974,2023/05/07,整層住家,透天厝,新北市板橋區富山街,25坪,16000,2 / 3,板橋區
975,2023/05/07,整層住家,電梯大樓,新北市樹林區學成路,19.34坪,26000,2 / 19,樹林區
976,2023/05/07,整層住家,無電梯公寓,新北市新莊區福壽街,30坪,13000,5 / 5,新莊區
977,2023/05/07,獨立套房,電梯大樓,新北市三峽區國際二街,7.56坪,12500,10 / 15,三峽區
978,2023/05/06,分租套房,無電梯公寓,新北市中和區莊敬路,10坪,8800,4 / 5,中和區
979,2023/05/06,分租套房,無電梯公寓,新北市三重區仁愛街,8坪,12000,2 / 2,三重區
980,2023/05/06,獨立套房,無電梯公寓,新北市泰山區新北大道六段,8坪,8500,2 / 3,泰山區
981,2023/05/06,分租套房,無電梯公寓,新北市中和區景安路,11坪,11800,4 / 5,中和區
982,2023/05/05,分租套房,透天厝,新北市蘆洲區永安北路一段,7坪,8500,5 / 5,蘆洲區
983,2023/05/05,整層住家,電梯大樓,新北市樹林區學勤路,30.14坪,31500,10 / 19,樹林區
984,2023/05/05,雅房,電梯大樓,新北市林口區文化二路一段,4坪,8700,6 / 19,林口區
985,2023/05/05,整層住家,電梯大樓,新北市新莊區中央路,62.55坪,45000,9 / 28,新莊區
986,2023/05/05,整層住家,電梯大樓,新北市三峽區大學路,22.67坪,22000,3 / 10,三峽區
987,2023/05/05,整層住家,電梯大樓,新北市三峽區大觀路,24.6坪,26000,4 / 8,三峽區
988,2023/05/04,整層住家,電梯大樓,新北市永和區保平路,36坪,39000,8 / 12,永和區
989,2023/05/04,整層住家,透天厝,新北市板橋區文化路一段,19坪,23000,1 / 3,板橋區
990,2023/05/04,分租套房,無電梯公寓,新北市三重區下竹圍街,12坪,7600,5 / 5,三重區
991,2023/05/04,住辦,透天厝,新北市板橋區漢生東路,19.9坪,33000,1 / 2,板橋區
992,2023/05/03,廠房,,新北市五股區中興路三段,1000坪,578000,1 / 1,五股區
993,2023/05/03,廠房,,新北市五股區民義路二段,110坪,80000,1 / 1,五股區
994,2023/05/03,店面,電梯大樓,新北市板橋區文化路一段,110坪,145000,-1 / 22,板橋區
995,2023/05/03,店面,電梯大樓,新北市板橋區文化路一段,110坪,145000,-1 / 22,板橋區
996,2023/05/03,店面,電梯大樓,新北市板橋區文化路一段,110坪,145000,-1 / 22,板橋區
997,2023/05/03,廠房,,新北市五股區中興路三段,480坪,360000,1 / 1,五股區
998,2023/05/03,廠房,,新北市五股區中興路三段,480坪,360000,1 / 1,五股區
999,2023/05/03,店面,無電梯公寓,新北市三重區重安街,50坪,42000,-1 / 5,三重區
